{
    "GBA": [
        {
            "nombre": "My Boy! Free - GBA Emulator",
            "imagen": "https://lh3.ggpht.com/WUe6xG1SKSE28VRjJrzjWJW4NjkjBrGyLMjL6e-8DUctRFe1WPrBGIqHTV7WUydXOGU=s180-rw",
            "link": "https://play.google.com/store/apps/details?id=com.fastemulator.gbafree",
            "compactible": "Compatible"
        },
        {
            "nombre": "My Boy! - GBA Emulator",
            "imagen": "https://lh3.ggpht.com/7BAl299O4VckTmuDzghLoPN8lAMjNO1vFYAypOGtq0RcM6sS_EOr5jM4ScIB-o1uiw=s180-rw",
            "link": "https://play.google.com/store/apps/details?id=com.fastemulator.gba",
            "compactible": "Compatible"
        },
        {
            "nombre": "ClassicBoy (Emulator)",
            "imagen": "https://lh3.ggpht.com/3CMkT48MFzkbjXLaTLEvV_9ftWGDEHNtUWgydg8N1uG4yN8a_0gmmg3uSDx--AzEWw=s180-rw",
            "link": "https://play.google.com/store/apps/details?id=com.portableandroid.classicboyLite",
            "compactible": "Compatible"
        }
    ],
    "SNES": [
        {
            "nombre": "ClassicBoy (Emulator)",
            "imagen": "https://lh3.ggpht.com/3CMkT48MFzkbjXLaTLEvV_9ftWGDEHNtUWgydg8N1uG4yN8a_0gmmg3uSDx--AzEWw=s180-rw",
            "link": "https://play.google.com/store/apps/details?id=com.portableandroid.classicboyLite",
            "compactible": "Compatible"
        },
        {
            "nombre": "Snes9x EX+",
            "imagen": "https://lh3.ggpht.com/L1XDJfH2IhZ_TclVa-KAHGcTZ8Dpah9JJ_ieOPsrvdQosq5_NC2JKri3i4t7USThtF0=s180-rw",
            "link": "https://play.google.com/store/apps/details?id=com.explusalpha.Snes9xPlus",
            "compactible": "Compatible"
        },
        {
            "nombre": "SNNES",
            "imagen": "https://lh3.ggpht.com/UREDnaR7h9DszWQDCHBqn1fWHLZ95e5IaGBF3OemRuHwowNPbDzB_KYAWab684UN7Cas=s180-rw",
            "link": "https://play.google.com/store/apps/details?id=cl.godoiapps.snnes",
            "compactible": "Compatible"
        }
    ],
    "N64": [
        {
            "nombre": "Mupen64Plus FZ (N64 Emulator)",
            "imagen": "https://lh3.googleusercontent.com/GSCFPtOlFPYhQeXg54cFufecwznJbsoJTeTxCXQpwwNrQcvM4nBKSmwVlCre-GlyMuE=s180-rw",
            "link": "https://play.google.com/store/apps/details?id=org.mupen64plusae.v3.fzurita",
            "compactible": "Compatible"
        },
        {
            "nombre": "Mupen64Plus AE (GRATIS)",
            "imagen": "https://lh3.ggpht.com/GUqdj4BAKvrV-QXAY42B56s7p2onRKNQ6NXq4w9rVXl96IR6GXecxKoKnncEgPscxer7=s180-rw",
            "link": "https://play.google.com/store/apps/details?id=paulscode.android.mupen64plus.free",
            "compactible": "Compatible"
        },
        {
            "nombre": "Mupen64+ AE (Emulador de N64)",
            "imagen": "https://lh3.ggpht.com/rHiI9vTURCrdsprC5HsB74D8CcxdjJDSb91Gkq0baPcarSZ2uGjsrkSh_RH_uZ0hZg=s180-rw",
            "link": "https://play.google.com/store/apps/details?id=paulscode.android.mupen64plus",
            "compactible": "Compatible"
        }
    ],
    "NES": [
        {
            "nombre": "ClassicBoy (Emulator)",
            "imagen": "https://lh3.ggpht.com/3CMkT48MFzkbjXLaTLEvV_9ftWGDEHNtUWgydg8N1uG4yN8a_0gmmg3uSDx--AzEWw=s180-rw",
            "link": "https://play.google.com/store/apps/details?id=com.portableandroid.classicboyLite",
            "compactible": "Compatible"
        }
    ],
    "GBC": [
        {
            "nombre": "My OldBoy! Free - GBC Emulator",
            "imagen": "https://lh3.ggpht.com/LYKc32HzHpLk0pDZIvGrXiZCnqupHEIguuIdkFuSANB5sVzNCAqShVfqtI5V-LppmxI=s180-rw",
            "link": "https://play.google.com/store/apps/details?id=com.fastemulator.gbcfree",
            "compactible": "Compatible"
        },
        {
            "nombre": "My OldBoy! - GBC Emulator",
            "imagen": "https://lh3.ggpht.com/WAb2O-e1URsGhW7E_BosgxOLybnXJf-k84243MfzTul5VWyRF-diuzC-nhjrQAEkMs0=s180-rw",
            "link": "https://play.google.com/store/apps/details?id=com.fastemulator.gbc",
            "compactible": "Compatible"
        },
        {
            "nombre": "ClassicBoy (Emulator)",
            "imagen": "https://lh3.ggpht.com/3CMkT48MFzkbjXLaTLEvV_9ftWGDEHNtUWgydg8N1uG4yN8a_0gmmg3uSDx--AzEWw=s180-rw",
            "link": "https://play.google.com/store/apps/details?id=com.portableandroid.classicboyLite",
            "compactible": "Compatible"
        }
    ],
    "Genesis": [
        {
            "nombre": "ClassicBoy (Emulator)",
            "imagen": "https://lh3.ggpht.com/3CMkT48MFzkbjXLaTLEvV_9ftWGDEHNtUWgydg8N1uG4yN8a_0gmmg3uSDx--AzEWw=s180-rw",
            "link": "https://play.google.com/store/apps/details?id=com.portableandroid.classicboyLite",
            "compactible": "Compatible"
        }
    ],
    "GB": [
        {
            "nombre": "My OldBoy! Free - GBC Emulator",
            "imagen": "https://lh3.ggpht.com/LYKc32HzHpLk0pDZIvGrXiZCnqupHEIguuIdkFuSANB5sVzNCAqShVfqtI5V-LppmxI=s180-rw",
            "link": "https://play.google.com/store/apps/details?id=com.fastemulator.gbcfree",
            "compactible": "Compatible"
        },
        {
            "nombre": "My OldBoy! - GBC Emulator",
            "imagen": "https://lh3.ggpht.com/WAb2O-e1URsGhW7E_BosgxOLybnXJf-k84243MfzTul5VWyRF-diuzC-nhjrQAEkMs0=s180-rw",
            "link": "https://play.google.com/store/apps/details?id=com.fastemulator.gbc",
            "compactible": "Compatible"
        },
        {
            "nombre": "ClassicBoy (Emulator)",
            "imagen": "https://lh3.ggpht.com/3CMkT48MFzkbjXLaTLEvV_9ftWGDEHNtUWgydg8N1uG4yN8a_0gmmg3uSDx--AzEWw=s180-rw",
            "link": "https://play.google.com/store/apps/details?id=com.portableandroid.classicboyLite",
            "compactible": "Compatible"
        }
    ],
    "PSX": [
        {
            "nombre": "ePSXe for Android",
            "imagen": "https://lh3.ggpht.com/xm13cRUNfN917GRFZql6MrtL9gDYvvoj1kINpZyFNadRAGbDmrK8gB5V-PvuhtvBmA=s180-rw",
            "link": "https://play.google.com/store/apps/details?id=com.epsxe.ePSXe",
            "compactible": "No compatible"
        },
        {
            "nombre": "FPse para Android",
            "imagen": "https://lh3.ggpht.com/3eer_Q6vG2boAwNPEC2JDL433MHEFCLO2pCXPonNI-oOocxVjceN93lOp_PW6ohvfF0=s180-rw",
            "link": "https://play.google.com/store/apps/details?id=com.emulator.fpse",
            "compactible": "Compatible"
        },
        {
            "nombre": "ClassicBoy (Emulator)",
            "imagen": "https://lh3.ggpht.com/3CMkT48MFzkbjXLaTLEvV_9ftWGDEHNtUWgydg8N1uG4yN8a_0gmmg3uSDx--AzEWw=s180-rw",
            "link": "https://play.google.com/store/apps/details?id=com.portableandroid.classicboyLite",
            "compactible": "Compatible"
        }
    ],
    "Dreamcast": [
        {
            "nombre": "Reicast - Dreamcast emulator(Necesita instalar bios luego de instalacion)",
            "imagen": "https://lh3.googleusercontent.com/UZHin6Iango72jl3OvdKjPZ5yKDK1qgdKdfgwz2qnkFXu97ju_Stq0zYrNKx8kIQ86c=s180-rw",
            "link": "https://play.google.com/store/apps/details?id=com.reicast.emulator",
            "compactible": "Compatible"
        }
    ],
    "NDS": [
        {
            "nombre": "DraStic Español",
            "imagen": "https://lh3.googleusercontent.com/fyOy1bFOen89oWzXImJYNJYce1des9y_jYohNt_WOVFpQbJ7ReSL7hCea2xPTVyf7gd9=s180-rw",
            "link": "https://github.com/Gr3gorywolf/getromdownload/raw/master/Drastic.apk",
            "compactible": "Compatible"
        }
    ]
    
}