[{"Name":"007 - The World is Not Enough (U) [!]","Portrait":"https://raw.githubusercontent.com/libretro-thumbnails/Nintendo_-_Nintendo_64/master/Named_Boxarts/007 - The World Is Not Enough (Europe) (En,Fr,De).png","InfoLink":"https://raw.githubusercontent.com/Gr3gorywolf/NeonRom3r/master/Rominfos/N64/007 - The World is Not Enough (U) [!].json","Region":"USA"},{"Name":"AeroFighters Assault (U) [!]","Portrait":"https://raw.githubusercontent.com/libretro-thumbnails/Nintendo_-_Nintendo_64/master/Named_Boxarts/AeroFighters Assault (Europe) (En,Fr,De).png","InfoLink":"https://raw.githubusercontent.com/Gr3gorywolf/NeonRom3r/master/Rominfos/N64/AeroFighters Assault (U) [!].json","Region":"USA"},{"Name":"AeroGauge (U) [!]","Portrait":"https://raw.githubusercontent.com/libretro-thumbnails/Nintendo_-_Nintendo_64/master/Named_Boxarts/AeroGauge (Europe) (En,Fr,De).png","InfoLink":"https://raw.githubusercontent.com/Gr3gorywolf/NeonRom3r/master/Rominfos/N64/AeroGauge (U) [!].json","Region":"USA"},{"Name":"Aidyn Chronicles - The First Mage (U) [!]","Portrait":"https://raw.githubusercontent.com/libretro-thumbnails/Nintendo_-_Nintendo_64/master/Named_Boxarts/Aidyn Chronicles - The First Mage (Europe).png","InfoLink":"https://raw.githubusercontent.com/Gr3gorywolf/NeonRom3r/master/Rominfos/N64/Aidyn Chronicles - The First Mage (U) [!].json","Region":"USA"},{"Name":"All Star Tennis '99 (U) [!]","Portrait":"https://raw.githubusercontent.com/libretro-thumbnails/Nintendo_-_Nintendo_64/master/Named_Boxarts/All Star Tennis '99 (Europe) (En,Fr,De,Es,It).png","InfoLink":"https://raw.githubusercontent.com/Gr3gorywolf/NeonRom3r/master/Rominfos/N64/All Star Tennis '99 (U) [!].json","Region":"USA"},{"Name":"All-Star Baseball '99 (U) [!]","Portrait":"https://raw.githubusercontent.com/libretro-thumbnails/Nintendo_-_Nintendo_64/master/Named_Boxarts/All-Star Baseball 99 (Europe).png","InfoLink":"https://raw.githubusercontent.com/Gr3gorywolf/NeonRom3r/master/Rominfos/N64/All-Star Baseball '99 (U) [!].json","Region":"USA"},{"Name":"All-Star Baseball 2000 (U) [!]","Portrait":"https://raw.githubusercontent.com/libretro-thumbnails/Nintendo_-_Nintendo_64/master/Named_Boxarts/All-Star Baseball 2000 (Europe).png","InfoLink":"https://raw.githubusercontent.com/Gr3gorywolf/NeonRom3r/master/Rominfos/N64/All-Star Baseball 2000 (U) [!].json","Region":"USA"},{"Name":"All-Star Baseball 2001 (U) [!]","Portrait":"https://raw.githubusercontent.com/libretro-thumbnails/Nintendo_-_Nintendo_64/master/Named_Boxarts/All-Star Baseball 2001 (USA).png","InfoLink":"https://raw.githubusercontent.com/Gr3gorywolf/NeonRom3r/master/Rominfos/N64/All-Star Baseball 2001 (U) [!].json","Region":"USA"},{"Name":"Armorines - Project S.W.A.R.M. (U) [!]","Portrait":"https://raw.githubusercontent.com/libretro-thumbnails/Nintendo_-_Nintendo_64/master/Named_Boxarts/Armorines - Project S.W.A.R.M. (Europe).png","InfoLink":"https://raw.githubusercontent.com/Gr3gorywolf/NeonRom3r/master/Rominfos/N64/Armorines - Project S.W.A.R.M. (U) [!].json","Region":"USA"},{"Name":"Army Men - Air Combat (U) [!]","Portrait":"https://raw.githubusercontent.com/libretro-thumbnails/Nintendo_-_Nintendo_64/master/Named_Boxarts/Army Men - Air Combat (USA).png","InfoLink":"https://raw.githubusercontent.com/Gr3gorywolf/NeonRom3r/master/Rominfos/N64/Army Men - Air Combat (U) [!].json","Region":"USA"},{"Name":"Army Men - Sarge's Heroes (U) [!]","Portrait":"https://raw.githubusercontent.com/libretro-thumbnails/Nintendo_-_Nintendo_64/master/Named_Boxarts/Army Men - Sarge's Heroes (Europe) (En,Fr,De).png","InfoLink":"https://raw.githubusercontent.com/Gr3gorywolf/NeonRom3r/master/Rominfos/N64/Army Men - Sarge's Heroes (U) [!].json","Region":"USA"},{"Name":"Army Men - Sarge's Heroes 2 (U) [!]","Portrait":"https://raw.githubusercontent.com/libretro-thumbnails/Nintendo_-_Nintendo_64/master/Named_Boxarts/Army Men - Sarge's Heroes 2 (USA).png","InfoLink":"https://raw.githubusercontent.com/Gr3gorywolf/NeonRom3r/master/Rominfos/N64/Army Men - Sarge's Heroes 2 (U) [!].json","Region":"USA"},{"Name":"Asteroids Hyper 64 (U) [!]","Portrait":"https://raw.githubusercontent.com/libretro-thumbnails/Nintendo_-_Nintendo_64/master/Named_Boxarts/Asteroids Hyper 64 (USA).png","InfoLink":"https://raw.githubusercontent.com/Gr3gorywolf/NeonRom3r/master/Rominfos/N64/Asteroids Hyper 64 (U) [!].json","Region":"USA"},{"Name":"Automobili Lamborghini (U) [!]","Portrait":"https://raw.githubusercontent.com/libretro-thumbnails/Nintendo_-_Nintendo_64/master/Named_Boxarts/Automobili Lamborghini (Europe).png","InfoLink":"https://raw.githubusercontent.com/Gr3gorywolf/NeonRom3r/master/Rominfos/N64/Automobili Lamborghini (U) [!].json","Region":"USA"},{"Name":"Kazooie (U) [!]","Portrait":"https://raw.githubusercontent.com/libretro-thumbnails/Nintendo_-_Nintendo_64/master/Named_Boxarts/Banjo to Kazooie no Daibouken (Japan).png","InfoLink":"https://raw.githubusercontent.com/Gr3gorywolf/NeonRom3r/master/Rominfos/N64/Kazooie (U) [!].json","Region":"USA"},{"Name":"Tooie (U) [!]","Portrait":"https://raw.githubusercontent.com/libretro-thumbnails/Nintendo_-_Nintendo_64/master/Named_Boxarts/Banjo-Tooie (Australia).png","InfoLink":"https://raw.githubusercontent.com/Gr3gorywolf/NeonRom3r/master/Rominfos/N64/Tooie (U) [!].json","Region":"USA"},{"Name":"Bassmasters 2000 (U) [!]","Portrait":"https://raw.githubusercontent.com/libretro-thumbnails/Nintendo_-_Nintendo_64/master/Named_Boxarts/Bassmasters 2000 (USA).png","InfoLink":"https://raw.githubusercontent.com/Gr3gorywolf/NeonRom3r/master/Rominfos/N64/Bassmasters 2000 (U) [!].json","Region":"USA"},{"Name":"Batman Beyond - Return of the Joker (U) [!]","Portrait":"https://raw.githubusercontent.com/libretro-thumbnails/Nintendo_-_Nintendo_64/master/Named_Boxarts/Batman Beyond - Return of the Joker (USA).png","InfoLink":"https://raw.githubusercontent.com/Gr3gorywolf/NeonRom3r/master/Rominfos/N64/Batman Beyond - Return of the Joker (U) [!].json","Region":"USA"},{"Name":"BattleTanx (U) [!]","Portrait":"https://raw.githubusercontent.com/libretro-thumbnails/Nintendo_-_Nintendo_64/master/Named_Boxarts/BattleTanx (USA).png","InfoLink":"https://raw.githubusercontent.com/Gr3gorywolf/NeonRom3r/master/Rominfos/N64/BattleTanx (U) [!].json","Region":"USA"},{"Name":"BattleTanx - Global Assault (U) [!]","Portrait":"https://raw.githubusercontent.com/libretro-thumbnails/Nintendo_-_Nintendo_64/master/Named_Boxarts/BattleTanx - Global Assault (Europe) (En,Fr,De).png","InfoLink":"https://raw.githubusercontent.com/Gr3gorywolf/NeonRom3r/master/Rominfos/N64/BattleTanx - Global Assault (U) [!].json","Region":"USA"},{"Name":"Battlezone - Rise of the Black Dogs (U) [!]","Portrait":"https://raw.githubusercontent.com/libretro-thumbnails/Nintendo_-_Nintendo_64/master/Named_Boxarts/Battlezone - Rise of the Black Dogs (USA).png","InfoLink":"https://raw.githubusercontent.com/Gr3gorywolf/NeonRom3r/master/Rominfos/N64/Battlezone - Rise of the Black Dogs (U) [!].json","Region":"USA"},{"Name":"Beetle Adventure Racing! (U) [!]","Portrait":"https://raw.githubusercontent.com/libretro-thumbnails/Nintendo_-_Nintendo_64/master/Named_Boxarts/Beetle Adventure Racing! (Europe) (En,Fr,De).png","InfoLink":"https://raw.githubusercontent.com/Gr3gorywolf/NeonRom3r/master/Rominfos/N64/Beetle Adventure Racing! (U) [!].json","Region":"USA"},{"Name":"Big Mountain 2000 (U) [!]","Portrait":"https://raw.githubusercontent.com/libretro-thumbnails/Nintendo_-_Nintendo_64/master/Named_Boxarts/Big Mountain 2000 (USA).png","InfoLink":"https://raw.githubusercontent.com/Gr3gorywolf/NeonRom3r/master/Rominfos/N64/Big Mountain 2000 (U) [!].json","Region":"USA"},{"Name":"Bio F.R.E.A.K.S. (U) [!]","Portrait":"https://raw.githubusercontent.com/libretro-thumbnails/Nintendo_-_Nintendo_64/master/Named_Boxarts/Bio F.R.E.A.K.S. (Europe).png","InfoLink":"https://raw.githubusercontent.com/Gr3gorywolf/NeonRom3r/master/Rominfos/N64/Bio F.R.E.A.K.S. (U) [!].json","Region":"USA"},{"Name":"Blast Corps (U) [!]","Portrait":"https://raw.githubusercontent.com/libretro-thumbnails/Nintendo_-_Nintendo_64/master/Named_Boxarts/Blast Corps (Europe) (En,De).png","InfoLink":"https://raw.githubusercontent.com/Gr3gorywolf/NeonRom3r/master/Rominfos/N64/Blast Corps (U) [!].json","Region":"USA"},{"Name":"Blues Brothers 2000 (U) [!]","Portrait":"https://raw.githubusercontent.com/libretro-thumbnails/Nintendo_-_Nintendo_64/master/Named_Boxarts/Blues Brothers 2000 (Europe) (En,Fr,De,Es,It,Nl).png","InfoLink":"https://raw.githubusercontent.com/Gr3gorywolf/NeonRom3r/master/Rominfos/N64/Blues Brothers 2000 (U) [!].json","Region":"USA"},{"Name":"Body Harvest (U) [!]","Portrait":"https://raw.githubusercontent.com/libretro-thumbnails/Nintendo_-_Nintendo_64/master/Named_Boxarts/Body Harvest (Europe) (En,Fr,De).png","InfoLink":"https://raw.githubusercontent.com/Gr3gorywolf/NeonRom3r/master/Rominfos/N64/Body Harvest (U) [!].json","Region":"USA"},{"Name":"Bomberman 64 (U) [!]","Portrait":"https://raw.githubusercontent.com/libretro-thumbnails/Nintendo_-_Nintendo_64/master/Named_Boxarts/Bomber Man 64 (Japan).png","InfoLink":"https://raw.githubusercontent.com/Gr3gorywolf/NeonRom3r/master/Rominfos/N64/Bomberman 64 (U) [!].json","Region":"USA"},{"Name":"Bomberman 64 - The Second Attack! (U) [!]","Portrait":"https://raw.githubusercontent.com/libretro-thumbnails/Nintendo_-_Nintendo_64/master/Named_Boxarts/Bomberman 64 - The Second Attack! (USA).png","InfoLink":"https://raw.githubusercontent.com/Gr3gorywolf/NeonRom3r/master/Rominfos/N64/Bomberman 64 - The Second Attack! (U) [!].json","Region":"USA"},{"Name":"Bomberman Hero (U) [!]","Portrait":"https://raw.githubusercontent.com/libretro-thumbnails/Nintendo_-_Nintendo_64/master/Named_Boxarts/Bomber Man Hero - Mirian Oujo o Sukue! (Japan).png","InfoLink":"https://raw.githubusercontent.com/Gr3gorywolf/NeonRom3r/master/Rominfos/N64/Bomberman Hero (U) [!].json","Region":"USA"},{"Name":"Bottom of the 9th (U) [!]","Portrait":"https://raw.githubusercontent.com/libretro-thumbnails/Nintendo_-_Nintendo_64/master/Named_Boxarts/Bottom of the 9th (USA).png","InfoLink":"https://raw.githubusercontent.com/Gr3gorywolf/NeonRom3r/master/Rominfos/N64/Bottom of the 9th (U) [!].json","Region":"USA"},{"Name":"Brunswick Circuit Pro Bowling (U) [!]","Portrait":"https://raw.githubusercontent.com/libretro-thumbnails/Nintendo_-_Nintendo_64/master/Named_Boxarts/Brunswick Circuit Pro Bowling (USA).png","InfoLink":"https://raw.githubusercontent.com/Gr3gorywolf/NeonRom3r/master/Rominfos/N64/Brunswick Circuit Pro Bowling (U) [!].json","Region":"USA"},{"Name":"Buck Bumble (U) [!]","Portrait":"https://raw.githubusercontent.com/libretro-thumbnails/Nintendo_-_Nintendo_64/master/Named_Boxarts/Buck Bumble (Europe) (En,Fr,De,Es,It).png","InfoLink":"https://raw.githubusercontent.com/Gr3gorywolf/NeonRom3r/master/Rominfos/N64/Buck Bumble (U) [!].json","Region":"USA"},{"Name":"Bug's Life, A (U) [!]","Portrait":"https://raw.githubusercontent.com/libretro-thumbnails/Nintendo_-_Nintendo_64/master/Named_Boxarts/Bug's Life, A (Europe).png","InfoLink":"https://raw.githubusercontent.com/Gr3gorywolf/NeonRom3r/master/Rominfos/N64/Bug's Life, A (U) [!].json","Region":"USA"},{"Name":"Bust-A-Move '99 (U) [!]","Portrait":"https://raw.githubusercontent.com/libretro-thumbnails/Nintendo_-_Nintendo_64/master/Named_Boxarts/Bust-A-Move '99 (USA).png","InfoLink":"https://raw.githubusercontent.com/Gr3gorywolf/NeonRom3r/master/Rominfos/N64/Bust-A-Move '99 (U) [!].json","Region":"USA"},{"Name":"Bust-A-Move 2 - Arcade Edition (U) [!]","Portrait":"https://raw.githubusercontent.com/libretro-thumbnails/Nintendo_-_Nintendo_64/master/Named_Boxarts/Bust-A-Move 2 - Arcade Edition (Europe).png","InfoLink":"https://raw.githubusercontent.com/Gr3gorywolf/NeonRom3r/master/Rominfos/N64/Bust-A-Move 2 - Arcade Edition (U) [!].json","Region":"USA"},{"Name":"California Speed (U) [!]","Portrait":"https://raw.githubusercontent.com/libretro-thumbnails/Nintendo_-_Nintendo_64/master/Named_Boxarts/California Speed (Europe) (Proto).png","InfoLink":"https://raw.githubusercontent.com/Gr3gorywolf/NeonRom3r/master/Rominfos/N64/California Speed (U) [!].json","Region":"USA"},{"Name":"Carmageddon 64 (U) [!]","Portrait":"https://raw.githubusercontent.com/libretro-thumbnails/Nintendo_-_Nintendo_64/master/Named_Boxarts/Carmageddon 64 (Europe) (En,Fr,De,Es).png","InfoLink":"https://raw.githubusercontent.com/Gr3gorywolf/NeonRom3r/master/Rominfos/N64/Carmageddon 64 (U) [!].json","Region":"USA"},{"Name":"Castlevania (U) [!]","Portrait":"https://raw.githubusercontent.com/libretro-thumbnails/Nintendo_-_Nintendo_64/master/Named_Boxarts/Castlevania (Europe) (En,Fr,De).png","InfoLink":"https://raw.githubusercontent.com/Gr3gorywolf/NeonRom3r/master/Rominfos/N64/Castlevania (U) [!].json","Region":"USA"},{"Name":"Castlevania - Legacy of Darkness (U) [!]","Portrait":"https://raw.githubusercontent.com/libretro-thumbnails/Nintendo_-_Nintendo_64/master/Named_Boxarts/Castlevania - Legacy of Darkness (Europe) (En,Fr,De).png","InfoLink":"https://raw.githubusercontent.com/Gr3gorywolf/NeonRom3r/master/Rominfos/N64/Castlevania - Legacy of Darkness (U) [!].json","Region":"USA"},{"Name":"Chameleon Twist (U) [!]","Portrait":"https://raw.githubusercontent.com/libretro-thumbnails/Nintendo_-_Nintendo_64/master/Named_Boxarts/Chameleon Twist (Europe).png","InfoLink":"https://raw.githubusercontent.com/Gr3gorywolf/NeonRom3r/master/Rominfos/N64/Chameleon Twist (U) [!].json","Region":"USA"},{"Name":"Chameleon Twist 2 (U) [!]","Portrait":"https://raw.githubusercontent.com/libretro-thumbnails/Nintendo_-_Nintendo_64/master/Named_Boxarts/Chameleon Twist 2 (Europe).png","InfoLink":"https://raw.githubusercontent.com/Gr3gorywolf/NeonRom3r/master/Rominfos/N64/Chameleon Twist 2 (U) [!].json","Region":"USA"},{"Name":"Charlie Blast's Territory (U) [!]","Portrait":"https://raw.githubusercontent.com/libretro-thumbnails/Nintendo_-_Nintendo_64/master/Named_Boxarts/Charlie Blast's Territory (Europe).png","InfoLink":"https://raw.githubusercontent.com/Gr3gorywolf/NeonRom3r/master/Rominfos/N64/Charlie Blast's Territory (U) [!].json","Region":"USA"},{"Name":"Chopper Attack (U) [!]","Portrait":"https://raw.githubusercontent.com/libretro-thumbnails/Nintendo_-_Nintendo_64/master/Named_Boxarts/Chopper Attack (Europe).png","InfoLink":"https://raw.githubusercontent.com/Gr3gorywolf/NeonRom3r/master/Rominfos/N64/Chopper Attack (U) [!].json","Region":"USA"},{"Name":"Clay Fighter - Sculptor's Cut (U) [!]","Portrait":"https://raw.githubusercontent.com/libretro-thumbnails/Nintendo_-_Nintendo_64/master/Named_Boxarts/Clay Fighter - Sculptor's Cut (USA).png","InfoLink":"https://raw.githubusercontent.com/Gr3gorywolf/NeonRom3r/master/Rominfos/N64/Clay Fighter - Sculptor's Cut (U) [!].json","Region":"USA"},{"Name":"Command & Conquer (U) [!]","Portrait":"https://raw.githubusercontent.com/libretro-thumbnails/Nintendo_-_Nintendo_64/master/Named_Boxarts/Command _ Conquer (Europe) (En,Fr).png","InfoLink":"https://raw.githubusercontent.com/Gr3gorywolf/NeonRom3r/master/Rominfos/N64/Command & Conquer (U) [!].json","Region":"USA"},{"Name":"Conker's Bad Fur Day (U) [!]","Portrait":"https://raw.githubusercontent.com/libretro-thumbnails/Nintendo_-_Nintendo_64/master/Named_Boxarts/Conker's Bad Fur Day (Europe).png","InfoLink":"https://raw.githubusercontent.com/Gr3gorywolf/NeonRom3r/master/Rominfos/N64/Conker's Bad Fur Day (U) [!].json","Region":"USA"},{"Name":"Cruis'n Exotica (U) [!]","Portrait":"https://raw.githubusercontent.com/libretro-thumbnails/Nintendo_-_Nintendo_64/master/Named_Boxarts/Cruis'n Exotica (USA).png","InfoLink":"https://raw.githubusercontent.com/Gr3gorywolf/NeonRom3r/master/Rominfos/N64/Cruis'n Exotica (U) [!].json","Region":"USA"},{"Name":"Cruis'n USA (U) [!]","Portrait":"https://raw.githubusercontent.com/libretro-thumbnails/Nintendo_-_Nintendo_64/master/Named_Boxarts/Cruis'n USA (Europe).png","InfoLink":"https://raw.githubusercontent.com/Gr3gorywolf/NeonRom3r/master/Rominfos/N64/Cruis'n USA (U) [!].json","Region":"USA"},{"Name":"Cruis'n World (U) [!]","Portrait":"https://raw.githubusercontent.com/libretro-thumbnails/Nintendo_-_Nintendo_64/master/Named_Boxarts/Cruis'n World (Europe).png","InfoLink":"https://raw.githubusercontent.com/Gr3gorywolf/NeonRom3r/master/Rominfos/N64/Cruis'n World (U) [!].json","Region":"USA"},{"Name":"CyberTiger (U) [!]","Portrait":"https://raw.githubusercontent.com/libretro-thumbnails/Nintendo_-_Nintendo_64/master/Named_Boxarts/CyberTiger (Europe).png","InfoLink":"https://raw.githubusercontent.com/Gr3gorywolf/NeonRom3r/master/Rominfos/N64/CyberTiger (U) [!].json","Region":"USA"},{"Name":"Dark Rift (U) [!]","Portrait":"https://raw.githubusercontent.com/libretro-thumbnails/Nintendo_-_Nintendo_64/master/Named_Boxarts/Dark Rift (Europe).png","InfoLink":"https://raw.githubusercontent.com/Gr3gorywolf/NeonRom3r/master/Rominfos/N64/Dark Rift (U) [!].json","Region":"USA"},{"Name":"Deadly Arts (U) [!]","Portrait":"https://raw.githubusercontent.com/libretro-thumbnails/Nintendo_-_Nintendo_64/master/Named_Boxarts/Deadly Arts (USA).png","InfoLink":"https://raw.githubusercontent.com/Gr3gorywolf/NeonRom3r/master/Rominfos/N64/Deadly Arts (U) [!].json","Region":"USA"},{"Name":"Destruction Derby 64 (U) [!]","Portrait":"https://raw.githubusercontent.com/libretro-thumbnails/Nintendo_-_Nintendo_64/master/Named_Boxarts/Destruction Derby 64 (Europe) (En,Fr,De).png","InfoLink":"https://raw.githubusercontent.com/Gr3gorywolf/NeonRom3r/master/Rominfos/N64/Destruction Derby 64 (U) [!].json","Region":"USA"},{"Name":"Diddy Kong Racing (U) [!]","Portrait":"https://raw.githubusercontent.com/libretro-thumbnails/Nintendo_-_Nintendo_64/master/Named_Boxarts/Diddy Kong Racing (Europe) (En,Fr,De) (Rev 1).png","InfoLink":"https://raw.githubusercontent.com/Gr3gorywolf/NeonRom3r/master/Rominfos/N64/Diddy Kong Racing (U) [!].json","Region":"USA"},{"Name":"Donkey Kong 64 (U) [!]","Portrait":"https://raw.githubusercontent.com/libretro-thumbnails/Nintendo_-_Nintendo_64/master/Named_Boxarts/Donkey Kong 64 (Europe) (En,Fr,De,Es).png","InfoLink":"https://raw.githubusercontent.com/Gr3gorywolf/NeonRom3r/master/Rominfos/N64/Donkey Kong 64 (U) [!].json","Region":"USA"},{"Name":"Doom 64 (U) [!]","Portrait":"https://raw.githubusercontent.com/libretro-thumbnails/Nintendo_-_Nintendo_64/master/Named_Boxarts/Doom 64 (Europe).png","InfoLink":"https://raw.githubusercontent.com/Gr3gorywolf/NeonRom3r/master/Rominfos/N64/Doom 64 (U) [!].json","Region":"USA"},{"Name":"Dr. Mario 64 (U) [!]","Portrait":"https://raw.githubusercontent.com/libretro-thumbnails/Nintendo_-_Nintendo_64/master/Named_Boxarts/Dr. Mario 64 (USA).png","InfoLink":"https://raw.githubusercontent.com/Gr3gorywolf/NeonRom3r/master/Rominfos/N64/Dr. Mario 64 (U) [!].json","Region":"USA"},{"Name":"Dual Heroes (U) [!]","Portrait":"https://raw.githubusercontent.com/libretro-thumbnails/Nintendo_-_Nintendo_64/master/Named_Boxarts/Dual Heroes (Europe).png","InfoLink":"https://raw.githubusercontent.com/Gr3gorywolf/NeonRom3r/master/Rominfos/N64/Dual Heroes (U) [!].json","Region":"USA"},{"Name":"Duck Dodgers Starring Daffy Duck (U) [!]","Portrait":"https://raw.githubusercontent.com/libretro-thumbnails/Nintendo_-_Nintendo_64/master/Named_Boxarts/Duck Dodgers Starring Daffy Duck (USA) (En,Fr,Es) (Beta).png","InfoLink":"https://raw.githubusercontent.com/Gr3gorywolf/NeonRom3r/master/Rominfos/N64/Duck Dodgers Starring Daffy Duck (U) [!].json","Region":"USA"},{"Name":"Duke Nukem 64 (U) [!]","Portrait":"https://raw.githubusercontent.com/libretro-thumbnails/Nintendo_-_Nintendo_64/master/Named_Boxarts/Duke Nukem 64 (Europe) (Beta).png","InfoLink":"https://raw.githubusercontent.com/Gr3gorywolf/NeonRom3r/master/Rominfos/N64/Duke Nukem 64 (U) [!].json","Region":"USA"},{"Name":"ECW Hardcore Revolution (U) [!]","Portrait":"https://raw.githubusercontent.com/libretro-thumbnails/Nintendo_-_Nintendo_64/master/Named_Boxarts/ECW Hardcore Revolution (Europe).png","InfoLink":"https://raw.githubusercontent.com/Gr3gorywolf/NeonRom3r/master/Rominfos/N64/ECW Hardcore Revolution (U) [!].json","Region":"USA"},{"Name":"Earthworm Jim 3D (U) [!]","Portrait":"https://raw.githubusercontent.com/libretro-thumbnails/Nintendo_-_Nintendo_64/master/Named_Boxarts/Earthworm Jim 3D (Europe) (En,Fr,De,Es,It).png","InfoLink":"https://raw.githubusercontent.com/Gr3gorywolf/NeonRom3r/master/Rominfos/N64/Earthworm Jim 3D (U) [!].json","Region":"USA"},{"Name":"Elmo's Letter Adventure (U) [!]","Portrait":"https://raw.githubusercontent.com/libretro-thumbnails/Nintendo_-_Nintendo_64/master/Named_Boxarts/Sesame Street - Elmo's Letter Adventure (USA).png","InfoLink":"https://raw.githubusercontent.com/Gr3gorywolf/NeonRom3r/master/Rominfos/N64/Elmo's Letter Adventure (U) [!].json","Region":"USA"},{"Name":"Elmo's Number Journey (U) [!]","Portrait":"https://raw.githubusercontent.com/libretro-thumbnails/Nintendo_-_Nintendo_64/master/Named_Boxarts/Sesame Street - Elmo's Number Journey (USA).png","InfoLink":"https://raw.githubusercontent.com/Gr3gorywolf/NeonRom3r/master/Rominfos/N64/Elmo's Number Journey (U) [!].json","Region":"USA"},{"Name":"Excitebike 64 (U) [!]","Portrait":"https://raw.githubusercontent.com/libretro-thumbnails/Nintendo_-_Nintendo_64/master/Named_Boxarts/Excitebike 64 (Europe).png","InfoLink":"https://raw.githubusercontent.com/Gr3gorywolf/NeonRom3r/master/Rominfos/N64/Excitebike 64 (U) [!].json","Region":"USA"},{"Name":"Extreme-G (U) [!]","Portrait":"https://raw.githubusercontent.com/libretro-thumbnails/Nintendo_-_Nintendo_64/master/Named_Boxarts/Extreme-G (Europe) (En,Fr,De,Es,It).png","InfoLink":"https://raw.githubusercontent.com/Gr3gorywolf/NeonRom3r/master/Rominfos/N64/Extreme-G (U) [!].json","Region":"USA"},{"Name":"Extreme-G XG2 (U) [!]","Portrait":"https://raw.githubusercontent.com/libretro-thumbnails/Nintendo_-_Nintendo_64/master/Named_Boxarts/Extreme-G XG2 (Europe) (En,Fr,De,Es,It).png","InfoLink":"https://raw.githubusercontent.com/Gr3gorywolf/NeonRom3r/master/Rominfos/N64/Extreme-G XG2 (U) [!].json","Region":"USA"},{"Name":"F-1 Pole Position 64 (U) [!]","Portrait":"https://raw.githubusercontent.com/libretro-thumbnails/Nintendo_-_Nintendo_64/master/Named_Boxarts/F1 Pole Position 64 (Europe) (En,Fr,De).png","InfoLink":"https://raw.githubusercontent.com/Gr3gorywolf/NeonRom3r/master/Rominfos/N64/F-1 Pole Position 64 (U) [!].json","Region":"USA"},{"Name":"F-1 World Grand Prix (U) [!]","Portrait":"https://raw.githubusercontent.com/libretro-thumbnails/Nintendo_-_Nintendo_64/master/Named_Boxarts/F-1 World Grand Prix (Europe) (Beta).png","InfoLink":"https://raw.githubusercontent.com/Gr3gorywolf/NeonRom3r/master/Rominfos/N64/F-1 World Grand Prix (U) [!].json","Region":"USA"},{"Name":"F-ZERO X (U) [!]","Portrait":"https://raw.githubusercontent.com/libretro-thumbnails/Nintendo_-_Nintendo_64/master/Named_Boxarts/F-Zero X (Europe).png","InfoLink":"https://raw.githubusercontent.com/Gr3gorywolf/NeonRom3r/master/Rominfos/N64/F-ZERO X (U) [!].json","Region":"USA"},{"Name":" Road to World Cup 98 (U) [!]","Portrait":"https://raw.githubusercontent.com/libretro-thumbnails/Nintendo_-_Nintendo_64/master/Named_Boxarts/FIFA - Road to World Cup 98 (Europe) (En,Fr,De,Es,It,Nl,Sv).png","InfoLink":"https://raw.githubusercontent.com/Gr3gorywolf/NeonRom3r/master/Rominfos/N64/Road to World Cup 98 (U) [!].json","Region":"USA"},{"Name":"FIFA 99 (U) [!]","Portrait":"https://raw.githubusercontent.com/libretro-thumbnails/Nintendo_-_Nintendo_64/master/Named_Boxarts/FIFA 99 (Europe) (En,Fr,De,Es,It,Nl,Pt,Sv).png","InfoLink":"https://raw.githubusercontent.com/Gr3gorywolf/NeonRom3r/master/Rominfos/N64/FIFA 99 (U) [!].json","Region":"USA"},{"Name":"FIFA Soccer 64 (U) [!]","Portrait":"https://raw.githubusercontent.com/libretro-thumbnails/Nintendo_-_Nintendo_64/master/Named_Boxarts/FIFA Soccer 64 (USA) (En,Fr,De).png","InfoLink":"https://raw.githubusercontent.com/Gr3gorywolf/NeonRom3r/master/Rominfos/N64/FIFA Soccer 64 (U) [!].json","Region":"USA"},{"Name":"Fighter Destiny 2 (U) [!]","Portrait":"https://raw.githubusercontent.com/libretro-thumbnails/Nintendo_-_Nintendo_64/master/Named_Boxarts/Fighter Destiny 2 (USA).png","InfoLink":"https://raw.githubusercontent.com/Gr3gorywolf/NeonRom3r/master/Rominfos/N64/Fighter Destiny 2 (U) [!].json","Region":"USA"},{"Name":"Fighter's Destiny (U) [!]","Portrait":"https://raw.githubusercontent.com/libretro-thumbnails/Nintendo_-_Nintendo_64/master/Named_Boxarts/Fighters Destiny (Europe).png","InfoLink":"https://raw.githubusercontent.com/Gr3gorywolf/NeonRom3r/master/Rominfos/N64/Fighter's Destiny (U) [!].json","Region":"USA"},{"Name":"Fighting Force 64 (U) [!]","Portrait":"https://raw.githubusercontent.com/libretro-thumbnails/Nintendo_-_Nintendo_64/master/Named_Boxarts/Fighting Force 64 (Europe).png","InfoLink":"https://raw.githubusercontent.com/Gr3gorywolf/NeonRom3r/master/Rominfos/N64/Fighting Force 64 (U) [!].json","Region":"USA"},{"Name":"Flying Dragon (U) [!]","Portrait":"https://raw.githubusercontent.com/libretro-thumbnails/Nintendo_-_Nintendo_64/master/Named_Boxarts/Flying Dragon (Europe).png","InfoLink":"https://raw.githubusercontent.com/Gr3gorywolf/NeonRom3r/master/Rominfos/N64/Flying Dragon (U) [!].json","Region":"USA"},{"Name":"Forsaken 64 (U) [!]","Portrait":"https://raw.githubusercontent.com/libretro-thumbnails/Nintendo_-_Nintendo_64/master/Named_Boxarts/Forsaken 64 (USA).png","InfoLink":"https://raw.githubusercontent.com/Gr3gorywolf/NeonRom3r/master/Rominfos/N64/Forsaken 64 (U) [!].json","Region":"USA"},{"Name":"Fox Sports College Hoops '99 (U) [!]","Portrait":"https://raw.githubusercontent.com/libretro-thumbnails/Nintendo_-_Nintendo_64/master/Named_Boxarts/Fox Sports College Hoops '99 (USA).png","InfoLink":"https://raw.githubusercontent.com/Gr3gorywolf/NeonRom3r/master/Rominfos/N64/Fox Sports College Hoops '99 (U) [!].json","Region":"USA"},{"Name":"Frogger 2 (U) [!]","Portrait":"https://raw.githubusercontent.com/libretro-thumbnails/Nintendo_-_Nintendo_64/master/Named_Boxarts/Frogger 2 (USA) (Proto).png","InfoLink":"https://raw.githubusercontent.com/Gr3gorywolf/NeonRom3r/master/Rominfos/N64/Frogger 2 (U) [!].json","Region":"USA"},{"Name":"GT 64 - Championship Edition (U) [!]","Portrait":"https://raw.githubusercontent.com/libretro-thumbnails/Nintendo_-_Nintendo_64/master/Named_Boxarts/GT 64 - Championship Edition (Europe) (En,Fr,De).png","InfoLink":"https://raw.githubusercontent.com/Gr3gorywolf/NeonRom3r/master/Rominfos/N64/GT 64 - Championship Edition (U) [!].json","Region":"USA"},{"Name":"Gauntlet Legends (U) [!]","Portrait":"https://raw.githubusercontent.com/libretro-thumbnails/Nintendo_-_Nintendo_64/master/Named_Boxarts/Gauntlet Legends (Europe).png","InfoLink":"https://raw.githubusercontent.com/Gr3gorywolf/NeonRom3r/master/Rominfos/N64/Gauntlet Legends (U) [!].json","Region":"USA"},{"Name":"Gex 3 - Deep Cover Gecko (U) [!]","Portrait":"https://raw.githubusercontent.com/libretro-thumbnails/Nintendo_-_Nintendo_64/master/Named_Boxarts/Gex 3 - Deep Cover Gecko (Europe) (En,Es,It).png","InfoLink":"https://raw.githubusercontent.com/Gr3gorywolf/NeonRom3r/master/Rominfos/N64/Gex 3 - Deep Cover Gecko (U) [!].json","Region":"USA"},{"Name":"Gex 64 - Enter the Gecko (U) [!]","Portrait":"https://raw.githubusercontent.com/libretro-thumbnails/Nintendo_-_Nintendo_64/master/Named_Boxarts/Gex 64 - Enter the Gecko (Europe).png","InfoLink":"https://raw.githubusercontent.com/Gr3gorywolf/NeonRom3r/master/Rominfos/N64/Gex 64 - Enter the Gecko (U) [!].json","Region":"USA"},{"Name":"Glover (U) [!]","Portrait":"https://raw.githubusercontent.com/libretro-thumbnails/Nintendo_-_Nintendo_64/master/Named_Boxarts/Glover (Europe) (En,Fr,De).png","InfoLink":"https://raw.githubusercontent.com/Gr3gorywolf/NeonRom3r/master/Rominfos/N64/Glover (U) [!].json","Region":"USA"},{"Name":"Goemon's Great Adventure (U) [!]","Portrait":"https://raw.githubusercontent.com/libretro-thumbnails/Nintendo_-_Nintendo_64/master/Named_Boxarts/Goemon's Great Adventure (USA).png","InfoLink":"https://raw.githubusercontent.com/Gr3gorywolf/NeonRom3r/master/Rominfos/N64/Goemon's Great Adventure (U) [!].json","Region":"USA"},{"Name":"Golden Nugget 64 (U) [!]","Portrait":"https://raw.githubusercontent.com/libretro-thumbnails/Nintendo_-_Nintendo_64/master/Named_Boxarts/Golden Nugget 64 (USA).png","InfoLink":"https://raw.githubusercontent.com/Gr3gorywolf/NeonRom3r/master/Rominfos/N64/Golden Nugget 64 (U) [!].json","Region":"USA"},{"Name":"GoldenEye 007 (U) [!]","Portrait":"https://raw.githubusercontent.com/libretro-thumbnails/Nintendo_-_Nintendo_64/master/Named_Boxarts/GoldenEye 007 (Europe).png","InfoLink":"https://raw.githubusercontent.com/Gr3gorywolf/NeonRom3r/master/Rominfos/N64/GoldenEye 007 (U) [!].json","Region":"USA"},{"Name":"Harvest Moon 64 (U) [!]","Portrait":"https://raw.githubusercontent.com/libretro-thumbnails/Nintendo_-_Nintendo_64/master/Named_Boxarts/Harvest Moon 64 (USA).png","InfoLink":"https://raw.githubusercontent.com/Gr3gorywolf/NeonRom3r/master/Rominfos/N64/Harvest Moon 64 (U) [!].json","Region":"USA"},{"Name":"Hercules - The Legendary Journeys (U) [!]","Portrait":"https://raw.githubusercontent.com/libretro-thumbnails/Nintendo_-_Nintendo_64/master/Named_Boxarts/Hercules - The Legendary Journeys (Europe) (En,Fr,De,Es,It,Nl).png","InfoLink":"https://raw.githubusercontent.com/Gr3gorywolf/NeonRom3r/master/Rominfos/N64/Hercules - The Legendary Journeys (U) [!].json","Region":"USA"},{"Name":"Hexen (U) [!]","Portrait":"https://raw.githubusercontent.com/libretro-thumbnails/Nintendo_-_Nintendo_64/master/Named_Boxarts/Hexen (Europe).png","InfoLink":"https://raw.githubusercontent.com/Gr3gorywolf/NeonRom3r/master/Rominfos/N64/Hexen (U) [!].json","Region":"USA"},{"Name":"Hey You, Pikachu! (U) [!]","Portrait":"https://raw.githubusercontent.com/libretro-thumbnails/Nintendo_-_Nintendo_64/master/Named_Boxarts/Hey You, Pikachu! (USA).png","InfoLink":"https://raw.githubusercontent.com/Gr3gorywolf/NeonRom3r/master/Rominfos/N64/Hey You, Pikachu! (U) [!].json","Region":"USA"},{"Name":"Hot Wheels Turbo Racing (U) [!]","Portrait":"https://raw.githubusercontent.com/libretro-thumbnails/Nintendo_-_Nintendo_64/master/Named_Boxarts/Hot Wheels - Turbo Racing (Europe) (En,Fr,De).png","InfoLink":"https://raw.githubusercontent.com/Gr3gorywolf/NeonRom3r/master/Rominfos/N64/Hot Wheels Turbo Racing (U) [!].json","Region":"USA"},{"Name":"Hybrid Heaven (U) [!]","Portrait":"https://raw.githubusercontent.com/libretro-thumbnails/Nintendo_-_Nintendo_64/master/Named_Boxarts/Hybrid Heaven (Europe) (En,Fr,De).png","InfoLink":"https://raw.githubusercontent.com/Gr3gorywolf/NeonRom3r/master/Rominfos/N64/Hybrid Heaven (U) [!].json","Region":"USA"},{"Name":"Hydro Thunder (U) [!]","Portrait":"https://raw.githubusercontent.com/libretro-thumbnails/Nintendo_-_Nintendo_64/master/Named_Boxarts/Hydro Thunder (Europe).png","InfoLink":"https://raw.githubusercontent.com/Gr3gorywolf/NeonRom3r/master/Rominfos/N64/Hydro Thunder (U) [!].json","Region":"USA"},{"Name":"Iggy's Reckin' Balls (U) [!]","Portrait":"https://raw.githubusercontent.com/libretro-thumbnails/Nintendo_-_Nintendo_64/master/Named_Boxarts/Iggy's Reckin' Balls (Europe).png","InfoLink":"https://raw.githubusercontent.com/Gr3gorywolf/NeonRom3r/master/Rominfos/N64/Iggy's Reckin' Balls (U) [!].json","Region":"USA"},{"Name":"In-Fisherman Bass Hunter 64 (U) [!]","Portrait":"https://raw.githubusercontent.com/libretro-thumbnails/Nintendo_-_Nintendo_64/master/Named_Boxarts/In-Fisherman - Bass Hunter 64 (Europe).png","InfoLink":"https://raw.githubusercontent.com/Gr3gorywolf/NeonRom3r/master/Rominfos/N64/In-Fisherman Bass Hunter 64 (U) [!].json","Region":"USA"},{"Name":"Indiana Jones and the Infernal Machine (U) [!]","Portrait":"https://raw.githubusercontent.com/libretro-thumbnails/Nintendo_-_Nintendo_64/master/Named_Boxarts/Indiana Jones and the Infernal Machine (Australia) (Proto).png","InfoLink":"https://raw.githubusercontent.com/Gr3gorywolf/NeonRom3r/master/Rominfos/N64/Indiana Jones and the Infernal Machine (U) [!].json","Region":"USA"},{"Name":"Indy Racing 2000 (U) [!]","Portrait":"https://raw.githubusercontent.com/libretro-thumbnails/Nintendo_-_Nintendo_64/master/Named_Boxarts/Indy Racing 2000 (USA).png","InfoLink":"https://raw.githubusercontent.com/Gr3gorywolf/NeonRom3r/master/Rominfos/N64/Indy Racing 2000 (U) [!].json","Region":"USA"},{"Name":"International Superstar Soccer '98 (U) [!]","Portrait":"https://raw.githubusercontent.com/libretro-thumbnails/Nintendo_-_Nintendo_64/master/Named_Boxarts/International Superstar Soccer '98 (Europe).png","InfoLink":"https://raw.githubusercontent.com/Gr3gorywolf/NeonRom3r/master/Rominfos/N64/International Superstar Soccer '98 (U) [!].json","Region":"USA"},{"Name":"International Superstar Soccer 2000 (U) [!]","Portrait":"https://raw.githubusercontent.com/libretro-thumbnails/Nintendo_-_Nintendo_64/master/Named_Boxarts/International Superstar Soccer 2000 (Europe) (En,De).png","InfoLink":"https://raw.githubusercontent.com/Gr3gorywolf/NeonRom3r/master/Rominfos/N64/International Superstar Soccer 2000 (U) [!].json","Region":"USA"},{"Name":"International Superstar Soccer 64 (U) [!]","Portrait":"https://raw.githubusercontent.com/libretro-thumbnails/Nintendo_-_Nintendo_64/master/Named_Boxarts/International Superstar Soccer 64 (Europe).png","InfoLink":"https://raw.githubusercontent.com/Gr3gorywolf/NeonRom3r/master/Rominfos/N64/International Superstar Soccer 64 (U) [!].json","Region":"USA"},{"Name":"International Track & Field 2000 (U) [!]","Portrait":"https://raw.githubusercontent.com/libretro-thumbnails/Nintendo_-_Nintendo_64/master/Named_Boxarts/International Track _ Field 2000 (USA).png","InfoLink":"https://raw.githubusercontent.com/Gr3gorywolf/NeonRom3r/master/Rominfos/N64/International Track & Field 2000 (U) [!].json","Region":"USA"},{"Name":"Jeopardy! (U) [!]","Portrait":"https://raw.githubusercontent.com/libretro-thumbnails/Nintendo_-_Nintendo_64/master/Named_Boxarts/Jeopardy! (USA).png","InfoLink":"https://raw.githubusercontent.com/Gr3gorywolf/NeonRom3r/master/Rominfos/N64/Jeopardy! (U) [!].json","Region":"USA"},{"Name":"Jeremy McGrath Supercross 2000 (U) [!]","Portrait":"https://raw.githubusercontent.com/libretro-thumbnails/Nintendo_-_Nintendo_64/master/Named_Boxarts/Jeremy McGrath Supercross 2000 (Europe).png","InfoLink":"https://raw.githubusercontent.com/Gr3gorywolf/NeonRom3r/master/Rominfos/N64/Jeremy McGrath Supercross 2000 (U) [!].json","Region":"USA"},{"Name":"Jet Force Gemini (U) [!]","Portrait":"https://raw.githubusercontent.com/libretro-thumbnails/Nintendo_-_Nintendo_64/master/Named_Boxarts/Jet Force Gemini (Europe) (En,Fr,De,Es).png","InfoLink":"https://raw.githubusercontent.com/Gr3gorywolf/NeonRom3r/master/Rominfos/N64/Jet Force Gemini (U) [!].json","Region":"USA"},{"Name":"John Romero's Daikatana (U) [!]","Portrait":"https://raw.githubusercontent.com/libretro-thumbnails/Nintendo_-_Nintendo_64/master/Named_Boxarts/John Romero's Daikatana (Europe) (En,Fr,De).png","InfoLink":"https://raw.githubusercontent.com/Gr3gorywolf/NeonRom3r/master/Rominfos/N64/John Romero's Daikatana (U) [!].json","Region":"USA"},{"Name":"Ken Griffey Jr.'s Slugfest (U) [!]","Portrait":"https://raw.githubusercontent.com/libretro-thumbnails/Nintendo_-_Nintendo_64/master/Named_Boxarts/Ken Griffey Jr.'s Slugfest (USA).png","InfoLink":"https://raw.githubusercontent.com/Gr3gorywolf/NeonRom3r/master/Rominfos/N64/Ken Griffey Jr.'s Slugfest (U) [!].json","Region":"USA"},{"Name":"Killer Instinct Gold (U) [!]","Portrait":"https://raw.githubusercontent.com/libretro-thumbnails/Nintendo_-_Nintendo_64/master/Named_Boxarts/Killer Instinct Gold (Europe).png","InfoLink":"https://raw.githubusercontent.com/Gr3gorywolf/NeonRom3r/master/Rominfos/N64/Killer Instinct Gold (U) [!].json","Region":"USA"},{"Name":"Kirby 64 - The Crystal Shards (U) [!]","Portrait":"https://raw.githubusercontent.com/libretro-thumbnails/Nintendo_-_Nintendo_64/master/Named_Boxarts/Kirby 64 - The Crystal Shards (Europe).png","InfoLink":"https://raw.githubusercontent.com/Gr3gorywolf/NeonRom3r/master/Rominfos/N64/Kirby 64 - The Crystal Shards (U) [!].json","Region":"USA"},{"Name":"Knife Edge - Nose Gunner (U) [!]","Portrait":"https://raw.githubusercontent.com/libretro-thumbnails/Nintendo_-_Nintendo_64/master/Named_Boxarts/Knife Edge - Nose Gunner (Europe).png","InfoLink":"https://raw.githubusercontent.com/Gr3gorywolf/NeonRom3r/master/Rominfos/N64/Knife Edge - Nose Gunner (U) [!].json","Region":"USA"},{"Name":"Knockout Kings 2000 (U) [!]","Portrait":"https://raw.githubusercontent.com/libretro-thumbnails/Nintendo_-_Nintendo_64/master/Named_Boxarts/Knockout Kings 2000 (Europe).png","InfoLink":"https://raw.githubusercontent.com/Gr3gorywolf/NeonRom3r/master/Rominfos/N64/Knockout Kings 2000 (U) [!].json","Region":"USA"},{"Name":"LEGO Racers (U) [!]","Portrait":"https://raw.githubusercontent.com/libretro-thumbnails/Nintendo_-_Nintendo_64/master/Named_Boxarts/LEGO Racers (Europe) (En,Fr,De,Es,It,Nl,Sv,No,Da,Fi).png","InfoLink":"https://raw.githubusercontent.com/Gr3gorywolf/NeonRom3r/master/Rominfos/N64/LEGO Racers (U) [!].json","Region":"USA"},{"Name":"Legend of Zelda, The - Majora's Mask (U) [!]","Portrait":"https://raw.githubusercontent.com/libretro-thumbnails/Nintendo_-_Nintendo_64/master/Named_Boxarts/Legend of Zelda, The - Majora's Mask (Europe) (En,Fr,De,Es) (Debug Version).png","InfoLink":"https://raw.githubusercontent.com/Gr3gorywolf/NeonRom3r/master/Rominfos/N64/Legend of Zelda, The - Majora's Mask (U) [!].json","Region":"USA"},{"Name":"Legend of Zelda, The - Ocarina of Time (U) [!]","Portrait":"https://raw.githubusercontent.com/libretro-thumbnails/Nintendo_-_Nintendo_64/master/Named_Boxarts/Legend of Zelda, The - Ocarina of Time (Europe) (En,Fr,De) (Rev 1).png","InfoLink":"https://raw.githubusercontent.com/Gr3gorywolf/NeonRom3r/master/Rominfos/N64/Legend of Zelda, The - Ocarina of Time (U) [!].json","Region":"USA"},{"Name":"Legend of Zelda, The - Ocarina of Time - Master Quest (U) [!]","Portrait":"https://raw.githubusercontent.com/libretro-thumbnails/Nintendo_-_Nintendo_64/master/Named_Boxarts/Legend of Zelda, The - Ocarina of Time - Master Quest (Europe) (Debug Version).png","InfoLink":"https://raw.githubusercontent.com/Gr3gorywolf/NeonRom3r/master/Rominfos/N64/Legend of Zelda, The - Ocarina of Time - Master Quest (U) [!].json","Region":"USA"},{"Name":"Lode Runner 3-D (U) [!]","Portrait":"https://raw.githubusercontent.com/libretro-thumbnails/Nintendo_-_Nintendo_64/master/Named_Boxarts/Lode Runner 3-D (Europe) (En,Fr,De,Es,It).png","InfoLink":"https://raw.githubusercontent.com/Gr3gorywolf/NeonRom3r/master/Rominfos/N64/Lode Runner 3-D (U) [!].json","Region":"USA"},{"Name":"MRC - Multi Racing Championship (U) [!]","Portrait":"https://raw.githubusercontent.com/libretro-thumbnails/Nintendo_-_Nintendo_64/master/Named_Boxarts/MRC - Multi-Racing Championship (Europe) (En,Fr,De).png","InfoLink":"https://raw.githubusercontent.com/Gr3gorywolf/NeonRom3r/master/Rominfos/N64/MRC - Multi Racing Championship (U) [!].json","Region":"USA"},{"Name":" The Dark Age (U) [!]","Portrait":"https://raw.githubusercontent.com/libretro-thumbnails/Nintendo_-_Nintendo_64/master/Named_Boxarts/Mace - The Dark Age (Europe).png","InfoLink":"https://raw.githubusercontent.com/Gr3gorywolf/NeonRom3r/master/Rominfos/N64/The Dark Age (U) [!].json","Region":"USA"},{"Name":"Madden Football 64 (U) [!]","Portrait":"https://raw.githubusercontent.com/libretro-thumbnails/Nintendo_-_Nintendo_64/master/Named_Boxarts/Madden Football 64 (Europe).png","InfoLink":"https://raw.githubusercontent.com/Gr3gorywolf/NeonRom3r/master/Rominfos/N64/Madden Football 64 (U) [!].json","Region":"USA"},{"Name":"Madden NFL 2000 (U) [!]","Portrait":"https://raw.githubusercontent.com/libretro-thumbnails/Nintendo_-_Nintendo_64/master/Named_Boxarts/Madden NFL 2000 (USA).png","InfoLink":"https://raw.githubusercontent.com/Gr3gorywolf/NeonRom3r/master/Rominfos/N64/Madden NFL 2000 (U) [!].json","Region":"USA"},{"Name":"Madden NFL 2001 (U) [!]","Portrait":"https://raw.githubusercontent.com/libretro-thumbnails/Nintendo_-_Nintendo_64/master/Named_Boxarts/Madden NFL 2001 (USA).png","InfoLink":"https://raw.githubusercontent.com/Gr3gorywolf/NeonRom3r/master/Rominfos/N64/Madden NFL 2001 (U) [!].json","Region":"USA"},{"Name":"Madden NFL 2002 (U) [!]","Portrait":"https://raw.githubusercontent.com/libretro-thumbnails/Nintendo_-_Nintendo_64/master/Named_Boxarts/Madden NFL 2002 (USA).png","InfoLink":"https://raw.githubusercontent.com/Gr3gorywolf/NeonRom3r/master/Rominfos/N64/Madden NFL 2002 (U) [!].json","Region":"USA"},{"Name":"Madden NFL 99 (U) [!]","Portrait":"https://raw.githubusercontent.com/libretro-thumbnails/Nintendo_-_Nintendo_64/master/Named_Boxarts/Madden NFL 99 (Europe).png","InfoLink":"https://raw.githubusercontent.com/Gr3gorywolf/NeonRom3r/master/Rominfos/N64/Madden NFL 99 (U) [!].json","Region":"USA"},{"Name":"Magical Tetris Challenge (U) [!]","Portrait":"https://raw.githubusercontent.com/libretro-thumbnails/Nintendo_-_Nintendo_64/master/Named_Boxarts/Magical Tetris Challenge (Europe).png","InfoLink":"https://raw.githubusercontent.com/Gr3gorywolf/NeonRom3r/master/Rominfos/N64/Magical Tetris Challenge (U) [!].json","Region":"USA"},{"Name":"Major League Baseball Featuring Ken Griffey Jr. (U) [!]","Portrait":"https://raw.githubusercontent.com/libretro-thumbnails/Nintendo_-_Nintendo_64/master/Named_Boxarts/Major League Baseball featuring Ken Griffey Jr. (Australia).png","InfoLink":"https://raw.githubusercontent.com/Gr3gorywolf/NeonRom3r/master/Rominfos/N64/Major League Baseball Featuring Ken Griffey Jr. (U) [!].json","Region":"USA"},{"Name":"Mario Golf (U) [!]","Portrait":"https://raw.githubusercontent.com/libretro-thumbnails/Nintendo_-_Nintendo_64/master/Named_Boxarts/Mario Golf (Europe).png","InfoLink":"https://raw.githubusercontent.com/Gr3gorywolf/NeonRom3r/master/Rominfos/N64/Mario Golf (U) [!].json","Region":"USA"},{"Name":"Mario Kart 64 (U) [!]","Portrait":"https://raw.githubusercontent.com/libretro-thumbnails/Nintendo_-_Nintendo_64/master/Named_Boxarts/Mario Kart 64 (Europe) (Rev 1).png","InfoLink":"https://raw.githubusercontent.com/Gr3gorywolf/NeonRom3r/master/Rominfos/N64/Mario Kart 64 (U) [!].json","Region":"USA"},{"Name":"Mario Party (U) [!]","Portrait":"https://raw.githubusercontent.com/libretro-thumbnails/Nintendo_-_Nintendo_64/master/Named_Boxarts/Mario Party (Europe) (En,Fr,De).png","InfoLink":"https://raw.githubusercontent.com/Gr3gorywolf/NeonRom3r/master/Rominfos/N64/Mario Party (U) [!].json","Region":"USA"},{"Name":"Mario Party 2 (U) [!]","Portrait":"https://raw.githubusercontent.com/libretro-thumbnails/Nintendo_-_Nintendo_64/master/Named_Boxarts/Mario Party 2 (Europe) (En,Fr,De,Es,It).png","InfoLink":"https://raw.githubusercontent.com/Gr3gorywolf/NeonRom3r/master/Rominfos/N64/Mario Party 2 (U) [!].json","Region":"USA"},{"Name":"Mario Party 3 (U) [!]","Portrait":"https://raw.githubusercontent.com/libretro-thumbnails/Nintendo_-_Nintendo_64/master/Named_Boxarts/Mario Party 3 (Europe) (En,Fr,De,Es).png","InfoLink":"https://raw.githubusercontent.com/Gr3gorywolf/NeonRom3r/master/Rominfos/N64/Mario Party 3 (U) [!].json","Region":"USA"},{"Name":"Mario Tennis (U) [!]","Portrait":"https://raw.githubusercontent.com/libretro-thumbnails/Nintendo_-_Nintendo_64/master/Named_Boxarts/Mario Tennis (Europe).png","InfoLink":"https://raw.githubusercontent.com/Gr3gorywolf/NeonRom3r/master/Rominfos/N64/Mario Tennis (U) [!].json","Region":"USA"},{"Name":"Mega Man 64 (U) [!]","Portrait":"https://raw.githubusercontent.com/libretro-thumbnails/Nintendo_-_Nintendo_64/master/Named_Boxarts/Mega Man 64 (USA) (Beta).png","InfoLink":"https://raw.githubusercontent.com/Gr3gorywolf/NeonRom3r/master/Rominfos/N64/Mega Man 64 (U) [!].json","Region":"USA"},{"Name":"Mickey's Speedway USA (U) [!]","Portrait":"https://raw.githubusercontent.com/libretro-thumbnails/Nintendo_-_Nintendo_64/master/Named_Boxarts/Mickey's Speedway USA (Europe) (En,Fr,De,Es,It).png","InfoLink":"https://raw.githubusercontent.com/Gr3gorywolf/NeonRom3r/master/Rominfos/N64/Mickey's Speedway USA (U) [!].json","Region":"USA"},{"Name":"Micro Machines 64 Turbo (U) [!]","Portrait":"https://raw.githubusercontent.com/libretro-thumbnails/Nintendo_-_Nintendo_64/master/Named_Boxarts/Micro Machines 64 Turbo (Europe) (En,Fr,De,Es,It).png","InfoLink":"https://raw.githubusercontent.com/Gr3gorywolf/NeonRom3r/master/Rominfos/N64/Micro Machines 64 Turbo (U) [!].json","Region":"USA"},{"Name":"Midway's Greatest Arcade Hits Volume 1 (U) [!]","Portrait":"https://raw.githubusercontent.com/libretro-thumbnails/Nintendo_-_Nintendo_64/master/Named_Boxarts/Midway's Greatest Arcade Hits - Volume 1 (USA).png","InfoLink":"https://raw.githubusercontent.com/Gr3gorywolf/NeonRom3r/master/Rominfos/N64/Midway's Greatest Arcade Hits Volume 1 (U) [!].json","Region":"USA"},{"Name":"Mike Piazza's Strike Zone (U) [!]","Portrait":"https://raw.githubusercontent.com/libretro-thumbnails/Nintendo_-_Nintendo_64/master/Named_Boxarts/Mike Piazza's Strike Zone (USA).png","InfoLink":"https://raw.githubusercontent.com/Gr3gorywolf/NeonRom3r/master/Rominfos/N64/Mike Piazza's Strike Zone (U) [!].json","Region":"USA"},{"Name":"Milo's Astro Lanes (U) [!]","Portrait":"https://raw.githubusercontent.com/libretro-thumbnails/Nintendo_-_Nintendo_64/master/Named_Boxarts/Milo's Astro Lanes (Europe).png","InfoLink":"https://raw.githubusercontent.com/Gr3gorywolf/NeonRom3r/master/Rominfos/N64/Milo's Astro Lanes (U) [!].json","Region":"USA"},{"Name":"Mischief Makers (U) [!]","Portrait":"https://raw.githubusercontent.com/libretro-thumbnails/Nintendo_-_Nintendo_64/master/Named_Boxarts/Mischief Makers (Europe).png","InfoLink":"https://raw.githubusercontent.com/Gr3gorywolf/NeonRom3r/master/Rominfos/N64/Mischief Makers (U) [!].json","Region":"USA"},{"Name":"Mission Impossible (U) [!]","Portrait":"https://raw.githubusercontent.com/libretro-thumbnails/Nintendo_-_Nintendo_64/master/Named_Boxarts/Mission - Impossible (Europe).png","InfoLink":"https://raw.githubusercontent.com/Gr3gorywolf/NeonRom3r/master/Rominfos/N64/Mission Impossible (U) [!].json","Region":"USA"},{"Name":"Monaco Grand Prix (U) [!]","Portrait":"https://raw.githubusercontent.com/libretro-thumbnails/Nintendo_-_Nintendo_64/master/Named_Boxarts/Monaco Grand Prix (USA).png","InfoLink":"https://raw.githubusercontent.com/Gr3gorywolf/NeonRom3r/master/Rominfos/N64/Monaco Grand Prix (U) [!].json","Region":"USA"},{"Name":"Monopoly (U) [!]","Portrait":"https://raw.githubusercontent.com/libretro-thumbnails/Nintendo_-_Nintendo_64/master/Named_Boxarts/Monopoly (USA).png","InfoLink":"https://raw.githubusercontent.com/Gr3gorywolf/NeonRom3r/master/Rominfos/N64/Monopoly (U) [!].json","Region":"USA"},{"Name":"Monster Truck Madness 64 (U) [!]","Portrait":"https://raw.githubusercontent.com/libretro-thumbnails/Nintendo_-_Nintendo_64/master/Named_Boxarts/Monster Truck Madness 64 (Europe) (En,Fr,De,Es,It).png","InfoLink":"https://raw.githubusercontent.com/Gr3gorywolf/NeonRom3r/master/Rominfos/N64/Monster Truck Madness 64 (U) [!].json","Region":"USA"},{"Name":"Mortal Kombat 4 (U) [!]","Portrait":"https://raw.githubusercontent.com/libretro-thumbnails/Nintendo_-_Nintendo_64/master/Named_Boxarts/Mortal Kombat 4 (Europe).png","InfoLink":"https://raw.githubusercontent.com/Gr3gorywolf/NeonRom3r/master/Rominfos/N64/Mortal Kombat 4 (U) [!].json","Region":"USA"},{"Name":"Mortal Kombat Mythologies - Sub-Zero (U) [!]","Portrait":"https://raw.githubusercontent.com/libretro-thumbnails/Nintendo_-_Nintendo_64/master/Named_Boxarts/Mortal Kombat Mythologies - Sub-Zero (Europe).png","InfoLink":"https://raw.githubusercontent.com/Gr3gorywolf/NeonRom3r/master/Rominfos/N64/Mortal Kombat Mythologies - Sub-Zero (U) [!].json","Region":"USA"},{"Name":"Mortal Kombat Trilogy (U) [!]","Portrait":"https://raw.githubusercontent.com/libretro-thumbnails/Nintendo_-_Nintendo_64/master/Named_Boxarts/Mortal Kombat Trilogy (Europe).png","InfoLink":"https://raw.githubusercontent.com/Gr3gorywolf/NeonRom3r/master/Rominfos/N64/Mortal Kombat Trilogy (U) [!].json","Region":"USA"},{"Name":"Ms. Pac-Man - Maze Madness (U) [!]","Portrait":"https://raw.githubusercontent.com/libretro-thumbnails/Nintendo_-_Nintendo_64/master/Named_Boxarts/Ms. Pac-Man - Maze Madness (USA).png","InfoLink":"https://raw.githubusercontent.com/Gr3gorywolf/NeonRom3r/master/Rominfos/N64/Ms. Pac-Man - Maze Madness (U) [!].json","Region":"USA"},{"Name":"Mystical Ninja Starring Goemon (U) [!]","Portrait":"https://raw.githubusercontent.com/libretro-thumbnails/Nintendo_-_Nintendo_64/master/Named_Boxarts/Mystical Ninja Starring Goemon (Europe).png","InfoLink":"https://raw.githubusercontent.com/Gr3gorywolf/NeonRom3r/master/Rominfos/N64/Mystical Ninja Starring Goemon (U) [!].json","Region":"USA"},{"Name":"NASCAR 2000 (U) [!]","Portrait":"https://raw.githubusercontent.com/libretro-thumbnails/Nintendo_-_Nintendo_64/master/Named_Boxarts/NASCAR 2000 (USA).png","InfoLink":"https://raw.githubusercontent.com/Gr3gorywolf/NeonRom3r/master/Rominfos/N64/NASCAR 2000 (U) [!].json","Region":"USA"},{"Name":"NASCAR 99 (U) [!]","Portrait":"https://raw.githubusercontent.com/libretro-thumbnails/Nintendo_-_Nintendo_64/master/Named_Boxarts/NASCAR 99 (Europe) (En,Fr,De).png","InfoLink":"https://raw.githubusercontent.com/Gr3gorywolf/NeonRom3r/master/Rominfos/N64/NASCAR 99 (U) [!].json","Region":"USA"},{"Name":"NBA Courtside 2 - Featuring Kobe Bryant (U) [!]","Portrait":"https://raw.githubusercontent.com/libretro-thumbnails/Nintendo_-_Nintendo_64/master/Named_Boxarts/NBA Courtside 2 featuring Kobe Bryant (USA).png","InfoLink":"https://raw.githubusercontent.com/Gr3gorywolf/NeonRom3r/master/Rominfos/N64/NBA Courtside 2 - Featuring Kobe Bryant (U) [!].json","Region":"USA"},{"Name":"NBA Hangtime (U) [!]","Portrait":"https://raw.githubusercontent.com/libretro-thumbnails/Nintendo_-_Nintendo_64/master/Named_Boxarts/NBA Hangtime (Europe).png","InfoLink":"https://raw.githubusercontent.com/Gr3gorywolf/NeonRom3r/master/Rominfos/N64/NBA Hangtime (U) [!].json","Region":"USA"},{"Name":"NBA In the Zone '98 (U) [!]","Portrait":"https://raw.githubusercontent.com/libretro-thumbnails/Nintendo_-_Nintendo_64/master/Named_Boxarts/NBA in the Zone '98 (Japan).png","InfoLink":"https://raw.githubusercontent.com/Gr3gorywolf/NeonRom3r/master/Rominfos/N64/NBA In the Zone '98 (U) [!].json","Region":"USA"},{"Name":"NBA In the Zone '99 (U) [!]","Portrait":"https://raw.githubusercontent.com/libretro-thumbnails/Nintendo_-_Nintendo_64/master/Named_Boxarts/NBA in the Zone '99 (USA).png","InfoLink":"https://raw.githubusercontent.com/Gr3gorywolf/NeonRom3r/master/Rominfos/N64/NBA In the Zone '99 (U) [!].json","Region":"USA"},{"Name":"NBA In the Zone 2000 (U) [!]","Portrait":"https://raw.githubusercontent.com/libretro-thumbnails/Nintendo_-_Nintendo_64/master/Named_Boxarts/NBA in the Zone 2000 (Europe).png","InfoLink":"https://raw.githubusercontent.com/Gr3gorywolf/NeonRom3r/master/Rominfos/N64/NBA In the Zone 2000 (U) [!].json","Region":"USA"},{"Name":"NBA Jam 2000 (U) [!]","Portrait":"https://raw.githubusercontent.com/libretro-thumbnails/Nintendo_-_Nintendo_64/master/Named_Boxarts/NBA Jam 2000 (Europe).png","InfoLink":"https://raw.githubusercontent.com/Gr3gorywolf/NeonRom3r/master/Rominfos/N64/NBA Jam 2000 (U) [!].json","Region":"USA"},{"Name":"NBA Jam 99 (U) [!]","Portrait":"https://raw.githubusercontent.com/libretro-thumbnails/Nintendo_-_Nintendo_64/master/Named_Boxarts/NBA Jam 99 (Europe).png","InfoLink":"https://raw.githubusercontent.com/Gr3gorywolf/NeonRom3r/master/Rominfos/N64/NBA Jam 99 (U) [!].json","Region":"USA"},{"Name":"NBA Live 2000 (U) [!]","Portrait":"https://raw.githubusercontent.com/libretro-thumbnails/Nintendo_-_Nintendo_64/master/Named_Boxarts/NBA Live 2000 (Europe) (En,Fr,De,Es).png","InfoLink":"https://raw.githubusercontent.com/Gr3gorywolf/NeonRom3r/master/Rominfos/N64/NBA Live 2000 (U) [!].json","Region":"USA"},{"Name":"NBA Live 99 (U) [!]","Portrait":"https://raw.githubusercontent.com/libretro-thumbnails/Nintendo_-_Nintendo_64/master/Named_Boxarts/NBA Live 99 (Europe) (En,Fr,De,Es,It).png","InfoLink":"https://raw.githubusercontent.com/Gr3gorywolf/NeonRom3r/master/Rominfos/N64/NBA Live 99 (U) [!].json","Region":"USA"},{"Name":"NBA Showtime - NBA on NBC (U) [!]","Portrait":"https://raw.githubusercontent.com/libretro-thumbnails/Nintendo_-_Nintendo_64/master/Named_Boxarts/NBA Showtime - NBA on NBC (USA).png","InfoLink":"https://raw.githubusercontent.com/Gr3gorywolf/NeonRom3r/master/Rominfos/N64/NBA Showtime - NBA on NBC (U) [!].json","Region":"USA"},{"Name":"NFL Blitz (U) [!]","Portrait":"https://raw.githubusercontent.com/libretro-thumbnails/Nintendo_-_Nintendo_64/master/Named_Boxarts/NFL Blitz (USA).png","InfoLink":"https://raw.githubusercontent.com/Gr3gorywolf/NeonRom3r/master/Rominfos/N64/NFL Blitz (U) [!].json","Region":"USA"},{"Name":"NFL Blitz - Special Edition (U) [!]","Portrait":"https://raw.githubusercontent.com/libretro-thumbnails/Nintendo_-_Nintendo_64/master/Named_Boxarts/NFL Blitz - Special Edition (USA).png","InfoLink":"https://raw.githubusercontent.com/Gr3gorywolf/NeonRom3r/master/Rominfos/N64/NFL Blitz - Special Edition (U) [!].json","Region":"USA"},{"Name":"NFL Blitz 2000 (U) [!]","Portrait":"https://raw.githubusercontent.com/libretro-thumbnails/Nintendo_-_Nintendo_64/master/Named_Boxarts/NFL Blitz 2000 (USA) (Rev 1).png","InfoLink":"https://raw.githubusercontent.com/Gr3gorywolf/NeonRom3r/master/Rominfos/N64/NFL Blitz 2000 (U) [!].json","Region":"USA"},{"Name":"NFL Blitz 2001 (U) [!]","Portrait":"https://raw.githubusercontent.com/libretro-thumbnails/Nintendo_-_Nintendo_64/master/Named_Boxarts/NFL Blitz 2001 (USA).png","InfoLink":"https://raw.githubusercontent.com/Gr3gorywolf/NeonRom3r/master/Rominfos/N64/NFL Blitz 2001 (U) [!].json","Region":"USA"},{"Name":"NFL Quarterback Club 2000 (U) [!]","Portrait":"https://raw.githubusercontent.com/libretro-thumbnails/Nintendo_-_Nintendo_64/master/Named_Boxarts/NFL Quarterback Club 2000 (Europe).png","InfoLink":"https://raw.githubusercontent.com/Gr3gorywolf/NeonRom3r/master/Rominfos/N64/NFL Quarterback Club 2000 (U) [!].json","Region":"USA"},{"Name":"NFL Quarterback Club 98 (U) [!]","Portrait":"https://raw.githubusercontent.com/libretro-thumbnails/Nintendo_-_Nintendo_64/master/Named_Boxarts/NFL Quarterback Club 98 (Europe).png","InfoLink":"https://raw.githubusercontent.com/Gr3gorywolf/NeonRom3r/master/Rominfos/N64/NFL Quarterback Club 98 (U) [!].json","Region":"USA"},{"Name":"NFL Quarterback Club 99 (U) [!]","Portrait":"https://raw.githubusercontent.com/libretro-thumbnails/Nintendo_-_Nintendo_64/master/Named_Boxarts/NFL Quarterback Club 99 (Europe).png","InfoLink":"https://raw.githubusercontent.com/Gr3gorywolf/NeonRom3r/master/Rominfos/N64/NFL Quarterback Club 99 (U) [!].json","Region":"USA"},{"Name":"NHL 99 (U) [!]","Portrait":"https://raw.githubusercontent.com/libretro-thumbnails/Nintendo_-_Nintendo_64/master/Named_Boxarts/NHL 99 (Europe) (En,De,Sv,Fi).png","InfoLink":"https://raw.githubusercontent.com/Gr3gorywolf/NeonRom3r/master/Rominfos/N64/NHL 99 (U) [!].json","Region":"USA"},{"Name":"NHL Blades of Steel '99 (U) [!]","Portrait":"https://raw.githubusercontent.com/libretro-thumbnails/Nintendo_-_Nintendo_64/master/Named_Boxarts/NHL Blades of Steel '99 (USA).png","InfoLink":"https://raw.githubusercontent.com/Gr3gorywolf/NeonRom3r/master/Rominfos/N64/NHL Blades of Steel '99 (U) [!].json","Region":"USA"},{"Name":"NHL Breakaway 98 (U) [!]","Portrait":"https://raw.githubusercontent.com/libretro-thumbnails/Nintendo_-_Nintendo_64/master/Named_Boxarts/NHL Breakaway 98 (Europe).png","InfoLink":"https://raw.githubusercontent.com/Gr3gorywolf/NeonRom3r/master/Rominfos/N64/NHL Breakaway 98 (U) [!].json","Region":"USA"},{"Name":"NHL Breakaway 99 (U) [!]","Portrait":"https://raw.githubusercontent.com/libretro-thumbnails/Nintendo_-_Nintendo_64/master/Named_Boxarts/NHL Breakaway 99 (Europe).png","InfoLink":"https://raw.githubusercontent.com/Gr3gorywolf/NeonRom3r/master/Rominfos/N64/NHL Breakaway 99 (U) [!].json","Region":"USA"},{"Name":"Nagano Winter Olympics '98 (U) [!]","Portrait":"https://raw.githubusercontent.com/libretro-thumbnails/Nintendo_-_Nintendo_64/master/Named_Boxarts/Nagano Winter Olympics '98 (Europe).png","InfoLink":"https://raw.githubusercontent.com/Gr3gorywolf/NeonRom3r/master/Rominfos/N64/Nagano Winter Olympics '98 (U) [!].json","Region":"USA"},{"Name":"Namco Museum 64 (U) [!]","Portrait":"https://raw.githubusercontent.com/libretro-thumbnails/Nintendo_-_Nintendo_64/master/Named_Boxarts/Namco Museum 64 (USA).png","InfoLink":"https://raw.githubusercontent.com/Gr3gorywolf/NeonRom3r/master/Rominfos/N64/Namco Museum 64 (U) [!].json","Region":"USA"},{"Name":"New Tetris, The (U) [!]","Portrait":"https://raw.githubusercontent.com/libretro-thumbnails/Nintendo_-_Nintendo_64/master/Named_Boxarts/New Tetris, The (Europe).png","InfoLink":"https://raw.githubusercontent.com/Gr3gorywolf/NeonRom3r/master/Rominfos/N64/New Tetris, The (U) [!].json","Region":"USA"},{"Name":"Nightmare Creatures (U) [!]","Portrait":"https://raw.githubusercontent.com/libretro-thumbnails/Nintendo_-_Nintendo_64/master/Named_Boxarts/Nightmare Creatures (USA).png","InfoLink":"https://raw.githubusercontent.com/Gr3gorywolf/NeonRom3r/master/Rominfos/N64/Nightmare Creatures (U) [!].json","Region":"USA"},{"Name":"Nuclear Strike 64 (U) [!]","Portrait":"https://raw.githubusercontent.com/libretro-thumbnails/Nintendo_-_Nintendo_64/master/Named_Boxarts/Nuclear Strike 64 (Europe) (En,Fr).png","InfoLink":"https://raw.githubusercontent.com/Gr3gorywolf/NeonRom3r/master/Rominfos/N64/Nuclear Strike 64 (U) [!].json","Region":"USA"},{"Name":"O.D.T. (U) [!]","Portrait":"https://raw.githubusercontent.com/libretro-thumbnails/Nintendo_-_Nintendo_64/master/Named_Boxarts/O.D.T. (Europe) (En,Fr,De,Es,It) (Proto).png","InfoLink":"https://raw.githubusercontent.com/Gr3gorywolf/NeonRom3r/master/Rominfos/N64/O.D.T. (U) [!].json","Region":"USA"},{"Name":"Off Road Challenge (U) [!]","Portrait":"https://raw.githubusercontent.com/libretro-thumbnails/Nintendo_-_Nintendo_64/master/Named_Boxarts/Off Road Challenge (Europe).png","InfoLink":"https://raw.githubusercontent.com/Gr3gorywolf/NeonRom3r/master/Rominfos/N64/Off Road Challenge (U) [!].json","Region":"USA"},{"Name":"Ogre Battle 64 - Person of Lordly Caliber (U) [!]","Portrait":"https://raw.githubusercontent.com/libretro-thumbnails/Nintendo_-_Nintendo_64/master/Named_Boxarts/Ogre Battle 64 - Person of Lordly Caliber (Japan) (Rev 1).png","InfoLink":"https://raw.githubusercontent.com/Gr3gorywolf/NeonRom3r/master/Rominfos/N64/Ogre Battle 64 - Person of Lordly Caliber (U) [!].json","Region":"USA"},{"Name":"PGA European Tour (U) [!]","Portrait":"https://raw.githubusercontent.com/libretro-thumbnails/Nintendo_-_Nintendo_64/master/Named_Boxarts/PGA European Tour (USA).png","InfoLink":"https://raw.githubusercontent.com/Gr3gorywolf/NeonRom3r/master/Rominfos/N64/PGA European Tour (U) [!].json","Region":"USA"},{"Name":"Paper Mario (U) [!]","Portrait":"https://raw.githubusercontent.com/libretro-thumbnails/Nintendo_-_Nintendo_64/master/Named_Boxarts/Paper Mario (Europe) (En,Fr,De,Es).png","InfoLink":"https://raw.githubusercontent.com/Gr3gorywolf/NeonRom3r/master/Rominfos/N64/Paper Mario (U) [!].json","Region":"USA"},{"Name":"Paperboy (U) [!]","Portrait":"https://raw.githubusercontent.com/libretro-thumbnails/Nintendo_-_Nintendo_64/master/Named_Boxarts/Paperboy (Europe).png","InfoLink":"https://raw.githubusercontent.com/Gr3gorywolf/NeonRom3r/master/Rominfos/N64/Paperboy (U) [!].json","Region":"USA"},{"Name":"Penny Racers (U) [!]","Portrait":"https://raw.githubusercontent.com/libretro-thumbnails/Nintendo_-_Nintendo_64/master/Named_Boxarts/Penny Racers (Europe).png","InfoLink":"https://raw.githubusercontent.com/Gr3gorywolf/NeonRom3r/master/Rominfos/N64/Penny Racers (U) [!].json","Region":"USA"},{"Name":"Perfect Dark (U) [!]","Portrait":"https://raw.githubusercontent.com/libretro-thumbnails/Nintendo_-_Nintendo_64/master/Named_Boxarts/Perfect Dark (Europe) (En,Fr,De,Es,It).png","InfoLink":"https://raw.githubusercontent.com/Gr3gorywolf/NeonRom3r/master/Rominfos/N64/Perfect Dark (U) [!].json","Region":"USA"},{"Name":"Pilotwings 64 (U) [!]","Portrait":"https://raw.githubusercontent.com/libretro-thumbnails/Nintendo_-_Nintendo_64/master/Named_Boxarts/Pilotwings 64 (Europe) (En,Fr,De).png","InfoLink":"https://raw.githubusercontent.com/Gr3gorywolf/NeonRom3r/master/Rominfos/N64/Pilotwings 64 (U) [!].json","Region":"USA"},{"Name":"Pokemon Puzzle League (U) [!]","Portrait":"https://raw.githubusercontent.com/libretro-thumbnails/Nintendo_-_Nintendo_64/master/Named_Boxarts/Pokemon Puzzle League (Europe).png","InfoLink":"https://raw.githubusercontent.com/Gr3gorywolf/NeonRom3r/master/Rominfos/N64/Pokemon Puzzle League (U) [!].json","Region":"USA"},{"Name":"Pokemon Snap (U) [!]","Portrait":"https://raw.githubusercontent.com/libretro-thumbnails/Nintendo_-_Nintendo_64/master/Named_Boxarts/Pokemon Snap (Australia).png","InfoLink":"https://raw.githubusercontent.com/Gr3gorywolf/NeonRom3r/master/Rominfos/N64/Pokemon Snap (U) [!].json","Region":"USA"},{"Name":"Pokemon Snap Station (U) [!]","Portrait":"https://raw.githubusercontent.com/libretro-thumbnails/Nintendo_-_Nintendo_64/master/Named_Boxarts/Pokemon Snap Station (USA) (Demo) (Kiosk).png","InfoLink":"https://raw.githubusercontent.com/Gr3gorywolf/NeonRom3r/master/Rominfos/N64/Pokemon Snap Station (U) [!].json","Region":"USA"},{"Name":"Pokemon Stadium (U) [!]","Portrait":"https://raw.githubusercontent.com/libretro-thumbnails/Nintendo_-_Nintendo_64/master/Named_Boxarts/Pokemon Stadium (Europe) (Rev 1).png","InfoLink":"https://raw.githubusercontent.com/Gr3gorywolf/NeonRom3r/master/Rominfos/N64/Pokemon Stadium (U) [!].json","Region":"USA"},{"Name":"Pokemon Stadium 2 (U) [!]","Portrait":"https://raw.githubusercontent.com/libretro-thumbnails/Nintendo_-_Nintendo_64/master/Named_Boxarts/Pokemon Stadium 2 (Europe).png","InfoLink":"https://raw.githubusercontent.com/Gr3gorywolf/NeonRom3r/master/Rominfos/N64/Pokemon Stadium 2 (U) [!].json","Region":"USA"},{"Name":"Polaris SnoCross (U) [!]","Portrait":"https://raw.githubusercontent.com/libretro-thumbnails/Nintendo_-_Nintendo_64/master/Named_Boxarts/Polaris SnoCross (USA).png","InfoLink":"https://raw.githubusercontent.com/Gr3gorywolf/NeonRom3r/master/Rominfos/N64/Polaris SnoCross (U) [!].json","Region":"USA"},{"Name":"Power Rangers - Lightspeed Rescue (U) [!]","Portrait":"https://raw.githubusercontent.com/libretro-thumbnails/Nintendo_-_Nintendo_64/master/Named_Boxarts/Power Rangers - Lightspeed Rescue (Europe).png","InfoLink":"https://raw.githubusercontent.com/Gr3gorywolf/NeonRom3r/master/Rominfos/N64/Power Rangers - Lightspeed Rescue (U) [!].json","Region":"USA"},{"Name":"Powerpuff Girls, The - Chemical X-Traction (U) [!]","Portrait":"https://raw.githubusercontent.com/libretro-thumbnails/Nintendo_-_Nintendo_64/master/Named_Boxarts/Powerpuff Girls, The - Chemical X-Traction (USA).png","InfoLink":"https://raw.githubusercontent.com/Gr3gorywolf/NeonRom3r/master/Rominfos/N64/Powerpuff Girls, The - Chemical X-Traction (U) [!].json","Region":"USA"},{"Name":"Quake II (U) [!]","Portrait":"https://raw.githubusercontent.com/libretro-thumbnails/Nintendo_-_Nintendo_64/master/Named_Boxarts/Quake II (Europe).png","InfoLink":"https://raw.githubusercontent.com/Gr3gorywolf/NeonRom3r/master/Rominfos/N64/Quake II (U) [!].json","Region":"USA"},{"Name":"Quest 64 (U) [!]","Portrait":"https://raw.githubusercontent.com/libretro-thumbnails/Nintendo_-_Nintendo_64/master/Named_Boxarts/Quest 64 (USA).png","InfoLink":"https://raw.githubusercontent.com/Gr3gorywolf/NeonRom3r/master/Rominfos/N64/Quest 64 (U) [!].json","Region":"USA"},{"Name":"Rally Challenge 2000 (U) [!]","Portrait":"https://raw.githubusercontent.com/libretro-thumbnails/Nintendo_-_Nintendo_64/master/Named_Boxarts/Rally Challenge 2000 (USA).png","InfoLink":"https://raw.githubusercontent.com/Gr3gorywolf/NeonRom3r/master/Rominfos/N64/Rally Challenge 2000 (U) [!].json","Region":"USA"},{"Name":"Rampage - World Tour (U) [!]","Portrait":"https://raw.githubusercontent.com/libretro-thumbnails/Nintendo_-_Nintendo_64/master/Named_Boxarts/Rampage - World Tour (Europe).png","InfoLink":"https://raw.githubusercontent.com/Gr3gorywolf/NeonRom3r/master/Rominfos/N64/Rampage - World Tour (U) [!].json","Region":"USA"},{"Name":"Rampage 2 - Universal Tour (U) [!]","Portrait":"https://raw.githubusercontent.com/libretro-thumbnails/Nintendo_-_Nintendo_64/master/Named_Boxarts/Rampage 2 - Universal Tour (Europe).png","InfoLink":"https://raw.githubusercontent.com/Gr3gorywolf/NeonRom3r/master/Rominfos/N64/Rampage 2 - Universal Tour (U) [!].json","Region":"USA"},{"Name":"Rat Attack (U) [!]","Portrait":"https://raw.githubusercontent.com/libretro-thumbnails/Nintendo_-_Nintendo_64/master/Named_Boxarts/Rat Attack (Europe) (En,Fr,De,Es,It,Nl).png","InfoLink":"https://raw.githubusercontent.com/Gr3gorywolf/NeonRom3r/master/Rominfos/N64/Rat Attack (U) [!].json","Region":"USA"},{"Name":"Rayman 2 - The Great Escape (U) [!]","Portrait":"https://raw.githubusercontent.com/libretro-thumbnails/Nintendo_-_Nintendo_64/master/Named_Boxarts/Rayman 2 - The Great Escape (Europe) (En,Fr,De,Es,It).png","InfoLink":"https://raw.githubusercontent.com/Gr3gorywolf/NeonRom3r/master/Rominfos/N64/Rayman 2 - The Great Escape (U) [!].json","Region":"USA"},{"Name":"Razor Freestyle Scooter (U) [!]","Portrait":"https://raw.githubusercontent.com/libretro-thumbnails/Nintendo_-_Nintendo_64/master/Named_Boxarts/Razor Freestyle Scooter (USA).png","InfoLink":"https://raw.githubusercontent.com/Gr3gorywolf/NeonRom3r/master/Rominfos/N64/Razor Freestyle Scooter (U) [!].json","Region":"USA"},{"Name":"Re-Volt (U) [!]","Portrait":"https://raw.githubusercontent.com/libretro-thumbnails/Nintendo_-_Nintendo_64/master/Named_Boxarts/Re-Volt (Europe) (En,Fr,De,Es).png","InfoLink":"https://raw.githubusercontent.com/Gr3gorywolf/NeonRom3r/master/Rominfos/N64/Re-Volt (U) [!].json","Region":"USA"},{"Name":"Ready 2 Rumble Boxing (U) [!]","Portrait":"https://raw.githubusercontent.com/libretro-thumbnails/Nintendo_-_Nintendo_64/master/Named_Boxarts/Ready 2 Rumble Boxing (Europe) (En,Fr,De).png","InfoLink":"https://raw.githubusercontent.com/Gr3gorywolf/NeonRom3r/master/Rominfos/N64/Ready 2 Rumble Boxing (U) [!].json","Region":"USA"},{"Name":"Ready 2 Rumble Boxing - Round 2 (U) [!]","Portrait":"https://raw.githubusercontent.com/libretro-thumbnails/Nintendo_-_Nintendo_64/master/Named_Boxarts/Ready 2 Rumble Boxing - Round 2 (USA).png","InfoLink":"https://raw.githubusercontent.com/Gr3gorywolf/NeonRom3r/master/Rominfos/N64/Ready 2 Rumble Boxing - Round 2 (U) [!].json","Region":"USA"},{"Name":"Resident Evil 2 (U) [!]","Portrait":"https://raw.githubusercontent.com/libretro-thumbnails/Nintendo_-_Nintendo_64/master/Named_Boxarts/Resident Evil 2 (Europe) (En,Fr).png","InfoLink":"https://raw.githubusercontent.com/Gr3gorywolf/NeonRom3r/master/Rominfos/N64/Resident Evil 2 (U) [!].json","Region":"USA"},{"Name":"Ridge Racer 64 (U) [!]","Portrait":"https://raw.githubusercontent.com/libretro-thumbnails/Nintendo_-_Nintendo_64/master/Named_Boxarts/RR64 - Ridge Racer 64 (Europe).png","InfoLink":"https://raw.githubusercontent.com/Gr3gorywolf/NeonRom3r/master/Rominfos/N64/Ridge Racer 64 (U) [!].json","Region":"USA"},{"Name":"Road Rash 64 (U) [!]","Portrait":"https://raw.githubusercontent.com/libretro-thumbnails/Nintendo_-_Nintendo_64/master/Named_Boxarts/Road Rash 64 (Europe).png","InfoLink":"https://raw.githubusercontent.com/Gr3gorywolf/NeonRom3r/master/Rominfos/N64/Road Rash 64 (U) [!].json","Region":"USA"},{"Name":"Robotron 64 (U) [!]","Portrait":"https://raw.githubusercontent.com/libretro-thumbnails/Nintendo_-_Nintendo_64/master/Named_Boxarts/Robotron 64 (Europe).png","InfoLink":"https://raw.githubusercontent.com/Gr3gorywolf/NeonRom3r/master/Rominfos/N64/Robotron 64 (U) [!].json","Region":"USA"},{"Name":"Rocket - Robot on Wheels (U) [!]","Portrait":"https://raw.githubusercontent.com/libretro-thumbnails/Nintendo_-_Nintendo_64/master/Named_Boxarts/Rocket - Robot on Wheels (Europe) (En,Fr,De).png","InfoLink":"https://raw.githubusercontent.com/Gr3gorywolf/NeonRom3r/master/Rominfos/N64/Rocket - Robot on Wheels (U) [!].json","Region":"USA"},{"Name":"Rugrats - Scavenger Hunt (U) [!]","Portrait":"https://raw.githubusercontent.com/libretro-thumbnails/Nintendo_-_Nintendo_64/master/Named_Boxarts/Rugrats - Scavenger Hunt (USA).png","InfoLink":"https://raw.githubusercontent.com/Gr3gorywolf/NeonRom3r/master/Rominfos/N64/Rugrats - Scavenger Hunt (U) [!].json","Region":"USA"},{"Name":"Rugrats in Paris - The Movie (U) [!]","Portrait":"https://raw.githubusercontent.com/libretro-thumbnails/Nintendo_-_Nintendo_64/master/Named_Boxarts/Rugrats in Paris - The Movie (Europe).png","InfoLink":"https://raw.githubusercontent.com/Gr3gorywolf/NeonRom3r/master/Rominfos/N64/Rugrats in Paris - The Movie (U) [!].json","Region":"USA"},{"Name":"Rush 2 - Extreme Racing USA (U) [!]","Portrait":"https://raw.githubusercontent.com/libretro-thumbnails/Nintendo_-_Nintendo_64/master/Named_Boxarts/Rush 2 - Extreme Racing USA (Europe) (En,Fr,De,Es,It,Nl).png","InfoLink":"https://raw.githubusercontent.com/Gr3gorywolf/NeonRom3r/master/Rominfos/N64/Rush 2 - Extreme Racing USA (U) [!].json","Region":"USA"},{"Name":"S.C.A.R.S. (U) [!]","Portrait":"https://raw.githubusercontent.com/libretro-thumbnails/Nintendo_-_Nintendo_64/master/Named_Boxarts/S.C.A.R.S. (Europe) (En,Fr,De).png","InfoLink":"https://raw.githubusercontent.com/Gr3gorywolf/NeonRom3r/master/Rominfos/N64/S.C.A.R.S. (U) [!].json","Region":"USA"},{"Name":"San Francisco Rush - Extreme Racing (U) [!]","Portrait":"https://raw.githubusercontent.com/libretro-thumbnails/Nintendo_-_Nintendo_64/master/Named_Boxarts/San Francisco Rush - Extreme Racing (Europe) (En,Fr,De).png","InfoLink":"https://raw.githubusercontent.com/Gr3gorywolf/NeonRom3r/master/Rominfos/N64/San Francisco Rush - Extreme Racing (U) [!].json","Region":"USA"},{"Name":"San Francisco Rush 2049 (U) [!]","Portrait":"https://raw.githubusercontent.com/libretro-thumbnails/Nintendo_-_Nintendo_64/master/Named_Boxarts/San Francisco Rush 2049 (Europe) (En,Fr,De,Es,It,Nl).png","InfoLink":"https://raw.githubusercontent.com/Gr3gorywolf/NeonRom3r/master/Rominfos/N64/San Francisco Rush 2049 (U) [!].json","Region":"USA"},{"Name":"Scooby-Doo! - Classic Creep Capers (U) [!]","Portrait":"https://raw.githubusercontent.com/libretro-thumbnails/Nintendo_-_Nintendo_64/master/Named_Boxarts/Scooby-Doo! - Classic Creep Capers (Europe).png","InfoLink":"https://raw.githubusercontent.com/Gr3gorywolf/NeonRom3r/master/Rominfos/N64/Scooby-Doo! - Classic Creep Capers (U) [!].json","Region":"USA"},{"Name":"Shadow Man (U) [!]","Portrait":"https://raw.githubusercontent.com/libretro-thumbnails/Nintendo_-_Nintendo_64/master/Named_Boxarts/Shadow Man (France).png","InfoLink":"https://raw.githubusercontent.com/Gr3gorywolf/NeonRom3r/master/Rominfos/N64/Shadow Man (U) [!].json","Region":"USA"},{"Name":"Shadowgate 64 - Trials Of The Four Towers (U) [!]","Portrait":"https://raw.githubusercontent.com/libretro-thumbnails/Nintendo_-_Nintendo_64/master/Named_Boxarts/Shadowgate 64 - Trials of the Four Towers (Europe) (Es,It).png","InfoLink":"https://raw.githubusercontent.com/Gr3gorywolf/NeonRom3r/master/Rominfos/N64/Shadowgate 64 - Trials Of The Four Towers (U) [!].json","Region":"USA"},{"Name":"Snowboard Kids (U) [!]","Portrait":"https://raw.githubusercontent.com/libretro-thumbnails/Nintendo_-_Nintendo_64/master/Named_Boxarts/Snowboard Kids (Europe).png","InfoLink":"https://raw.githubusercontent.com/Gr3gorywolf/NeonRom3r/master/Rominfos/N64/Snowboard Kids (U) [!].json","Region":"USA"},{"Name":"Snowboard Kids 2 (U) [!]","Portrait":"https://raw.githubusercontent.com/libretro-thumbnails/Nintendo_-_Nintendo_64/master/Named_Boxarts/Snowboard Kids 2 (Australia).png","InfoLink":"https://raw.githubusercontent.com/Gr3gorywolf/NeonRom3r/master/Rominfos/N64/Snowboard Kids 2 (U) [!].json","Region":"USA"},{"Name":"South Park (U) [!]","Portrait":"https://raw.githubusercontent.com/libretro-thumbnails/Nintendo_-_Nintendo_64/master/Named_Boxarts/South Park (Brazil).png","InfoLink":"https://raw.githubusercontent.com/Gr3gorywolf/NeonRom3r/master/Rominfos/N64/South Park (U) [!].json","Region":"USA"},{"Name":"South Park - Chef's Luv Shack (U) [!]","Portrait":"https://raw.githubusercontent.com/libretro-thumbnails/Nintendo_-_Nintendo_64/master/Named_Boxarts/South Park - Chef's Luv Shack (Europe).png","InfoLink":"https://raw.githubusercontent.com/Gr3gorywolf/NeonRom3r/master/Rominfos/N64/South Park - Chef's Luv Shack (U) [!].json","Region":"USA"},{"Name":"South Park Rally (U) [!]","Portrait":"https://raw.githubusercontent.com/libretro-thumbnails/Nintendo_-_Nintendo_64/master/Named_Boxarts/South Park Rally (Europe).png","InfoLink":"https://raw.githubusercontent.com/Gr3gorywolf/NeonRom3r/master/Rominfos/N64/South Park Rally (U) [!].json","Region":"USA"},{"Name":"Space Invaders (U) [!]","Portrait":"https://raw.githubusercontent.com/libretro-thumbnails/Nintendo_-_Nintendo_64/master/Named_Boxarts/Space Invaders (USA).png","InfoLink":"https://raw.githubusercontent.com/Gr3gorywolf/NeonRom3r/master/Rominfos/N64/Space Invaders (U) [!].json","Region":"USA"},{"Name":"Space Station Silicon Valley (U) [!]","Portrait":"https://raw.githubusercontent.com/libretro-thumbnails/Nintendo_-_Nintendo_64/master/Named_Boxarts/SpaceStation Silicon Valley (Europe) (En,Fr,De,Es,It,Nl,Pt).png","InfoLink":"https://raw.githubusercontent.com/Gr3gorywolf/NeonRom3r/master/Rominfos/N64/Space Station Silicon Valley (U) [!].json","Region":"USA"},{"Name":"Spider-Man (U) [!]","Portrait":"https://raw.githubusercontent.com/libretro-thumbnails/Nintendo_-_Nintendo_64/master/Named_Boxarts/Spider-Man (USA).png","InfoLink":"https://raw.githubusercontent.com/Gr3gorywolf/NeonRom3r/master/Rominfos/N64/Spider-Man (U) [!].json","Region":"USA"},{"Name":"Star Fox 64 (U) [!]","Portrait":"https://raw.githubusercontent.com/libretro-thumbnails/Nintendo_-_Nintendo_64/master/Named_Boxarts/Star Fox 64 (Japan).png","InfoLink":"https://raw.githubusercontent.com/Gr3gorywolf/NeonRom3r/master/Rominfos/N64/Star Fox 64 (U) [!].json","Region":"USA"},{"Name":"Star Soldier - Vanishing Earth (U) [!]","Portrait":"https://raw.githubusercontent.com/libretro-thumbnails/Nintendo_-_Nintendo_64/master/Named_Boxarts/Star Soldier - Vanishing Earth (Japan).png","InfoLink":"https://raw.githubusercontent.com/Gr3gorywolf/NeonRom3r/master/Rominfos/N64/Star Soldier - Vanishing Earth (U) [!].json","Region":"USA"},{"Name":"Star Wars - Rogue Squadron (U) [!]","Portrait":"https://raw.githubusercontent.com/libretro-thumbnails/Nintendo_-_Nintendo_64/master/Named_Boxarts/Star Wars - Rogue Squadron (Europe) (En,Fr,De) (Rev 1).png","InfoLink":"https://raw.githubusercontent.com/Gr3gorywolf/NeonRom3r/master/Rominfos/N64/Star Wars - Rogue Squadron (U) [!].json","Region":"USA"},{"Name":"Star Wars - Shadows of the Empire (U) [!]","Portrait":"https://raw.githubusercontent.com/libretro-thumbnails/Nintendo_-_Nintendo_64/master/Named_Boxarts/Star Wars - Shadows of the Empire (Europe).png","InfoLink":"https://raw.githubusercontent.com/Gr3gorywolf/NeonRom3r/master/Rominfos/N64/Star Wars - Shadows of the Empire (U) [!].json","Region":"USA"},{"Name":"Star Wars Episode I - Battle for Naboo (U) [!]","Portrait":"https://raw.githubusercontent.com/libretro-thumbnails/Nintendo_-_Nintendo_64/master/Named_Boxarts/Star Wars Episode I - Battle for Naboo (Europe).png","InfoLink":"https://raw.githubusercontent.com/Gr3gorywolf/NeonRom3r/master/Rominfos/N64/Star Wars Episode I - Battle for Naboo (U) [!].json","Region":"USA"},{"Name":"Star Wars Episode I - Racer (U) [!]","Portrait":"https://raw.githubusercontent.com/libretro-thumbnails/Nintendo_-_Nintendo_64/master/Named_Boxarts/Star Wars Episode I - Racer (Europe) (En,Fr,De).png","InfoLink":"https://raw.githubusercontent.com/Gr3gorywolf/NeonRom3r/master/Rominfos/N64/Star Wars Episode I - Racer (U) [!].json","Region":"USA"},{"Name":"StarCraft 64 (U) [!]","Portrait":"https://raw.githubusercontent.com/libretro-thumbnails/Nintendo_-_Nintendo_64/master/Named_Boxarts/StarCraft 64 (Australia).png","InfoLink":"https://raw.githubusercontent.com/Gr3gorywolf/NeonRom3r/master/Rominfos/N64/StarCraft 64 (U) [!].json","Region":"USA"},{"Name":"Starshot - Space Circus Fever (U) [!]","Portrait":"https://raw.githubusercontent.com/libretro-thumbnails/Nintendo_-_Nintendo_64/master/Named_Boxarts/Starshot - Space Circus Fever (Europe) (En,Fr,De).png","InfoLink":"https://raw.githubusercontent.com/Gr3gorywolf/NeonRom3r/master/Rominfos/N64/Starshot - Space Circus Fever (U) [!].json","Region":"USA"},{"Name":"Stunt Racer 64 (U) [!]","Portrait":"https://raw.githubusercontent.com/libretro-thumbnails/Nintendo_-_Nintendo_64/master/Named_Boxarts/Stunt Racer 64 (USA).png","InfoLink":"https://raw.githubusercontent.com/Gr3gorywolf/NeonRom3r/master/Rominfos/N64/Stunt Racer 64 (U) [!].json","Region":"USA"},{"Name":"Super Mario 64 (U) [!]","Portrait":"https://raw.githubusercontent.com/libretro-thumbnails/Nintendo_-_Nintendo_64/master/Named_Boxarts/Super Mario 64 (Europe) (En,Fr,De).png","InfoLink":"https://raw.githubusercontent.com/Gr3gorywolf/NeonRom3r/master/Rominfos/N64/Super Mario 64 (U) [!].json","Region":"USA"},{"Name":"Super Smash Bros. (U) [!]","Portrait":"https://raw.githubusercontent.com/libretro-thumbnails/Nintendo_-_Nintendo_64/master/Named_Boxarts/Super Smash Bros. (Australia).png","InfoLink":"https://raw.githubusercontent.com/Gr3gorywolf/NeonRom3r/master/Rominfos/N64/Super Smash Bros. (U) [!].json","Region":"USA"},{"Name":"Supercross 2000 (U) [!]","Portrait":"https://raw.githubusercontent.com/libretro-thumbnails/Nintendo_-_Nintendo_64/master/Named_Boxarts/Jeremy McGrath Supercross 2000 (Europe).png","InfoLink":"https://raw.githubusercontent.com/Gr3gorywolf/NeonRom3r/master/Rominfos/N64/Supercross 2000 (U) [!].json","Region":"USA"},{"Name":"Superman (U) [!]","Portrait":"https://raw.githubusercontent.com/libretro-thumbnails/Nintendo_-_Nintendo_64/master/Named_Boxarts/Superman (Europe) (En,Fr,De,Es,It,Nl).png","InfoLink":"https://raw.githubusercontent.com/Gr3gorywolf/NeonRom3r/master/Rominfos/N64/Superman (U) [!].json","Region":"USA"},{"Name":"Tetrisphere (U) [!]","Portrait":"https://raw.githubusercontent.com/libretro-thumbnails/Nintendo_-_Nintendo_64/master/Named_Boxarts/Tetrisphere (Europe).png","InfoLink":"https://raw.githubusercontent.com/Gr3gorywolf/NeonRom3r/master/Rominfos/N64/Tetrisphere (U) [!].json","Region":"USA"},{"Name":"Tigger's Honey Hunt (U) [!]","Portrait":"https://raw.githubusercontent.com/libretro-thumbnails/Nintendo_-_Nintendo_64/master/Named_Boxarts/Tigger's Honey Hunt (Europe) (En,Fr,De,Es,It,Nl,Da).png","InfoLink":"https://raw.githubusercontent.com/Gr3gorywolf/NeonRom3r/master/Rominfos/N64/Tigger's Honey Hunt (U) [!].json","Region":"USA"},{"Name":"Tom Clancy's Rainbow Six (U) [!]","Portrait":"https://raw.githubusercontent.com/libretro-thumbnails/Nintendo_-_Nintendo_64/master/Named_Boxarts/Tom Clancy's Rainbow Six (Europe).png","InfoLink":"https://raw.githubusercontent.com/Gr3gorywolf/NeonRom3r/master/Rominfos/N64/Tom Clancy's Rainbow Six (U) [!].json","Region":"USA"},{"Name":"Tom and Jerry in Fists of Furry (U) [!]","Portrait":"https://raw.githubusercontent.com/libretro-thumbnails/Nintendo_-_Nintendo_64/master/Named_Boxarts/Tom and Jerry in Fists of Furry (Europe) (En,Fr,De,Es,It,Nl).png","InfoLink":"https://raw.githubusercontent.com/Gr3gorywolf/NeonRom3r/master/Rominfos/N64/Tom and Jerry in Fists of Furry (U) [!].json","Region":"USA"},{"Name":"Tonic Trouble (U) [!]","Portrait":"https://raw.githubusercontent.com/libretro-thumbnails/Nintendo_-_Nintendo_64/master/Named_Boxarts/Tonic Trouble (Europe) (En,Fr,De,Es,It).png","InfoLink":"https://raw.githubusercontent.com/Gr3gorywolf/NeonRom3r/master/Rominfos/N64/Tonic Trouble (U) [!].json","Region":"USA"},{"Name":"Tony Hawk's Pro Skater (U) [!]","Portrait":"https://raw.githubusercontent.com/libretro-thumbnails/Nintendo_-_Nintendo_64/master/Named_Boxarts/Tony Hawk's Pro Skater (USA) (Rev 1).png","InfoLink":"https://raw.githubusercontent.com/Gr3gorywolf/NeonRom3r/master/Rominfos/N64/Tony Hawk's Pro Skater (U) [!].json","Region":"USA"},{"Name":"Tony Hawk's Pro Skater 2 (U) [!]","Portrait":"https://raw.githubusercontent.com/libretro-thumbnails/Nintendo_-_Nintendo_64/master/Named_Boxarts/Tony Hawk's Pro Skater 2 (Europe).png","InfoLink":"https://raw.githubusercontent.com/Gr3gorywolf/NeonRom3r/master/Rominfos/N64/Tony Hawk's Pro Skater 2 (U) [!].json","Region":"USA"},{"Name":"Tony Hawk's Pro Skater 3 (U)","Portrait":"https://raw.githubusercontent.com/libretro-thumbnails/Nintendo_-_Nintendo_64/master/Named_Boxarts/Tony Hawk's Pro Skater 3 (USA).png","InfoLink":"https://raw.githubusercontent.com/Gr3gorywolf/NeonRom3r/master/Rominfos/N64/Tony Hawk's Pro Skater 3 (U).json","Region":"USA"},{"Name":"Top Gear Hyper Bike (U) [!]","Portrait":"https://raw.githubusercontent.com/libretro-thumbnails/Nintendo_-_Nintendo_64/master/Named_Boxarts/Top Gear Hyper Bike (Europe).png","InfoLink":"https://raw.githubusercontent.com/Gr3gorywolf/NeonRom3r/master/Rominfos/N64/Top Gear Hyper Bike (U) [!].json","Region":"USA"},{"Name":"Top Gear Overdrive (U) [!]","Portrait":"https://raw.githubusercontent.com/libretro-thumbnails/Nintendo_-_Nintendo_64/master/Named_Boxarts/Top Gear Overdrive (Europe).png","InfoLink":"https://raw.githubusercontent.com/Gr3gorywolf/NeonRom3r/master/Rominfos/N64/Top Gear Overdrive (U) [!].json","Region":"USA"},{"Name":"Top Gear Rally (U) [!]","Portrait":"https://raw.githubusercontent.com/libretro-thumbnails/Nintendo_-_Nintendo_64/master/Named_Boxarts/Top Gear Rally (Europe).png","InfoLink":"https://raw.githubusercontent.com/Gr3gorywolf/NeonRom3r/master/Rominfos/N64/Top Gear Rally (U) [!].json","Region":"USA"},{"Name":"Top Gear Rally 2 (U) [!]","Portrait":"https://raw.githubusercontent.com/libretro-thumbnails/Nintendo_-_Nintendo_64/master/Named_Boxarts/Top Gear Rally 2 (Europe).png","InfoLink":"https://raw.githubusercontent.com/Gr3gorywolf/NeonRom3r/master/Rominfos/N64/Top Gear Rally 2 (U) [!].json","Region":"USA"},{"Name":"Toy Story 2 (U) [!]","Portrait":"https://raw.githubusercontent.com/libretro-thumbnails/Nintendo_-_Nintendo_64/master/Named_Boxarts/Toy Story 2 - Buzz Lightyear to the Rescue! (Europe).png","InfoLink":"https://raw.githubusercontent.com/Gr3gorywolf/NeonRom3r/master/Rominfos/N64/Toy Story 2 (U) [!].json","Region":"USA"},{"Name":"Transformers - Beast Wars Transmetal (U) [!]","Portrait":"https://raw.githubusercontent.com/libretro-thumbnails/Nintendo_-_Nintendo_64/master/Named_Boxarts/Transformers - Beast Wars Transmetals (USA).png","InfoLink":"https://raw.githubusercontent.com/Gr3gorywolf/NeonRom3r/master/Rominfos/N64/Transformers - Beast Wars Transmetal (U) [!].json","Region":"USA"},{"Name":"Triple Play 2000 (U) [!]","Portrait":"https://raw.githubusercontent.com/libretro-thumbnails/Nintendo_-_Nintendo_64/master/Named_Boxarts/Triple Play 2000 (USA).png","InfoLink":"https://raw.githubusercontent.com/Gr3gorywolf/NeonRom3r/master/Rominfos/N64/Triple Play 2000 (U) [!].json","Region":"USA"},{"Name":"Turok - Dinosaur Hunter (U) [!]","Portrait":"https://raw.githubusercontent.com/libretro-thumbnails/Nintendo_-_Nintendo_64/master/Named_Boxarts/Turok - Dinosaur Hunter (Europe) (Rev 1).png","InfoLink":"https://raw.githubusercontent.com/Gr3gorywolf/NeonRom3r/master/Rominfos/N64/Turok - Dinosaur Hunter (U) [!].json","Region":"USA"},{"Name":"Turok - Rage Wars (U) [!]","Portrait":"https://raw.githubusercontent.com/libretro-thumbnails/Nintendo_-_Nintendo_64/master/Named_Boxarts/Turok - Rage Wars (Europe) (En,Fr,It).png","InfoLink":"https://raw.githubusercontent.com/Gr3gorywolf/NeonRom3r/master/Rominfos/N64/Turok - Rage Wars (U) [!].json","Region":"USA"},{"Name":"Turok 2 - Seeds of Evil (U) [!]","Portrait":"https://raw.githubusercontent.com/libretro-thumbnails/Nintendo_-_Nintendo_64/master/Named_Boxarts/Turok 2 - Seeds of Evil (Europe) (Demo) (Kiosk).png","InfoLink":"https://raw.githubusercontent.com/Gr3gorywolf/NeonRom3r/master/Rominfos/N64/Turok 2 - Seeds of Evil (U) [!].json","Region":"USA"},{"Name":"Turok 3 - Shadow of Oblivion (U) [!]","Portrait":"https://raw.githubusercontent.com/libretro-thumbnails/Nintendo_-_Nintendo_64/master/Named_Boxarts/Turok 3 - Shadow of Oblivion (Europe) (Beta) (2000-05-31).png","InfoLink":"https://raw.githubusercontent.com/Gr3gorywolf/NeonRom3r/master/Rominfos/N64/Turok 3 - Shadow of Oblivion (U) [!].json","Region":"USA"},{"Name":"Twisted Edge Extreme Snowboarding (U) [!]","Portrait":"https://raw.githubusercontent.com/libretro-thumbnails/Nintendo_-_Nintendo_64/master/Named_Boxarts/Twisted Edge - Extreme Snowboarding (USA).png","InfoLink":"https://raw.githubusercontent.com/Gr3gorywolf/NeonRom3r/master/Rominfos/N64/Twisted Edge Extreme Snowboarding (U) [!].json","Region":"USA"},{"Name":"V-Rally Edition 99 (U) [!]","Portrait":"https://raw.githubusercontent.com/libretro-thumbnails/Nintendo_-_Nintendo_64/master/Named_Boxarts/V-Rally Edition 99 (Europe) (En,Fr,De).png","InfoLink":"https://raw.githubusercontent.com/Gr3gorywolf/NeonRom3r/master/Rominfos/N64/V-Rally Edition 99 (U) [!].json","Region":"USA"},{"Name":"Vigilante 8 (U) [!]","Portrait":"https://raw.githubusercontent.com/libretro-thumbnails/Nintendo_-_Nintendo_64/master/Named_Boxarts/Vigilante 8 (Europe).png","InfoLink":"https://raw.githubusercontent.com/Gr3gorywolf/NeonRom3r/master/Rominfos/N64/Vigilante 8 (U) [!].json","Region":"USA"},{"Name":"Vigilante 8 - 2nd Offense (U) [!]","Portrait":"https://raw.githubusercontent.com/libretro-thumbnails/Nintendo_-_Nintendo_64/master/Named_Boxarts/Vigilante 8 - 2nd Offense (Europe).png","InfoLink":"https://raw.githubusercontent.com/Gr3gorywolf/NeonRom3r/master/Rominfos/N64/Vigilante 8 - 2nd Offense (U) [!].json","Region":"USA"},{"Name":"Virtual Chess 64 (U) [!]","Portrait":"https://raw.githubusercontent.com/libretro-thumbnails/Nintendo_-_Nintendo_64/master/Named_Boxarts/Virtual Chess 64 (Europe) (En,Fr,De,Es,It,Nl).png","InfoLink":"https://raw.githubusercontent.com/Gr3gorywolf/NeonRom3r/master/Rominfos/N64/Virtual Chess 64 (U) [!].json","Region":"USA"},{"Name":"Virtual Pool 64 (U) [!]","Portrait":"https://raw.githubusercontent.com/libretro-thumbnails/Nintendo_-_Nintendo_64/master/Named_Boxarts/Virtual Pool 64 (Europe).png","InfoLink":"https://raw.githubusercontent.com/Gr3gorywolf/NeonRom3r/master/Rominfos/N64/Virtual Pool 64 (U) [!].json","Region":"USA"},{"Name":"WCW Backstage Assault (U) [!]","Portrait":"https://raw.githubusercontent.com/libretro-thumbnails/Nintendo_-_Nintendo_64/master/Named_Boxarts/WCW Backstage Assault (USA).png","InfoLink":"https://raw.githubusercontent.com/Gr3gorywolf/NeonRom3r/master/Rominfos/N64/WCW Backstage Assault (U) [!].json","Region":"USA"},{"Name":"WCW Mayhem (U) [!]","Portrait":"https://raw.githubusercontent.com/libretro-thumbnails/Nintendo_-_Nintendo_64/master/Named_Boxarts/WCW Mayhem (Europe).png","InfoLink":"https://raw.githubusercontent.com/Gr3gorywolf/NeonRom3r/master/Rominfos/N64/WCW Mayhem (U) [!].json","Region":"USA"},{"Name":"WCW Nitro (U) [!]","Portrait":"https://raw.githubusercontent.com/libretro-thumbnails/Nintendo_-_Nintendo_64/master/Named_Boxarts/WCW Nitro (USA) (Alt 1).png","InfoLink":"https://raw.githubusercontent.com/Gr3gorywolf/NeonRom3r/master/Rominfos/N64/WCW Nitro (U) [!].json","Region":"USA"},{"Name":"WCW vs. nWo - World Tour (U) [!]","Portrait":"https://raw.githubusercontent.com/libretro-thumbnails/Nintendo_-_Nintendo_64/master/Named_Boxarts/WCW vs. nWo - World Tour (Europe).png","InfoLink":"https://raw.githubusercontent.com/Gr3gorywolf/NeonRom3r/master/Rominfos/N64/WCW vs. nWo - World Tour (U) [!].json","Region":"USA"},{"Name":"WCW-nWo Revenge (U) [!]","Portrait":"https://raw.githubusercontent.com/libretro-thumbnails/Nintendo_-_Nintendo_64/master/Named_Boxarts/WCW-nWo Revenge (Europe).png","InfoLink":"https://raw.githubusercontent.com/Gr3gorywolf/NeonRom3r/master/Rominfos/N64/WCW-nWo Revenge (U) [!].json","Region":"USA"},{"Name":"WWF - War Zone (U) [!]","Portrait":"https://raw.githubusercontent.com/libretro-thumbnails/Nintendo_-_Nintendo_64/master/Named_Boxarts/WWF War Zone (Europe).png","InfoLink":"https://raw.githubusercontent.com/Gr3gorywolf/NeonRom3r/master/Rominfos/N64/WWF - War Zone (U) [!].json","Region":"USA"},{"Name":"WWF Attitude (U) [!]","Portrait":"https://raw.githubusercontent.com/libretro-thumbnails/Nintendo_-_Nintendo_64/master/Named_Boxarts/WWF Attitude (Europe).png","InfoLink":"https://raw.githubusercontent.com/Gr3gorywolf/NeonRom3r/master/Rominfos/N64/WWF Attitude (U) [!].json","Region":"USA"},{"Name":"WWF No Mercy (U) [!]","Portrait":"https://raw.githubusercontent.com/libretro-thumbnails/Nintendo_-_Nintendo_64/master/Named_Boxarts/WWF No Mercy (Europe) (Rev 1).png","InfoLink":"https://raw.githubusercontent.com/Gr3gorywolf/NeonRom3r/master/Rominfos/N64/WWF No Mercy (U) [!].json","Region":"USA"},{"Name":"WWF WrestleMania 2000 (U) [!]","Portrait":"https://raw.githubusercontent.com/libretro-thumbnails/Nintendo_-_Nintendo_64/master/Named_Boxarts/WWF WrestleMania 2000 (Europe).png","InfoLink":"https://raw.githubusercontent.com/Gr3gorywolf/NeonRom3r/master/Rominfos/N64/WWF WrestleMania 2000 (U) [!].json","Region":"USA"},{"Name":"Waialae Country Club - True Golf Classics (U) [!]","Portrait":"https://raw.githubusercontent.com/libretro-thumbnails/Nintendo_-_Nintendo_64/master/Named_Boxarts/Waialae Country Club - True Golf Classics (Europe) (Rev 1).png","InfoLink":"https://raw.githubusercontent.com/Gr3gorywolf/NeonRom3r/master/Rominfos/N64/Waialae Country Club - True Golf Classics (U) [!].json","Region":"USA"},{"Name":"War Gods (U) [!]","Portrait":"https://raw.githubusercontent.com/libretro-thumbnails/Nintendo_-_Nintendo_64/master/Named_Boxarts/War Gods (Europe).png","InfoLink":"https://raw.githubusercontent.com/Gr3gorywolf/NeonRom3r/master/Rominfos/N64/War Gods (U) [!].json","Region":"USA"},{"Name":"Wave Race 64 (U) [!]","Portrait":"https://raw.githubusercontent.com/libretro-thumbnails/Nintendo_-_Nintendo_64/master/Named_Boxarts/Wave Race 64 - Kawasaki Jet Ski (Europe) (En,De).png","InfoLink":"https://raw.githubusercontent.com/Gr3gorywolf/NeonRom3r/master/Rominfos/N64/Wave Race 64 (U) [!].json","Region":"USA"},{"Name":"Wayne Gretzky's 3D Hockey '98 (U) [!]","Portrait":"https://raw.githubusercontent.com/libretro-thumbnails/Nintendo_-_Nintendo_64/master/Named_Boxarts/Wayne Gretzky's 3D Hockey '98 (Europe) (En,Fr,De,Es).png","InfoLink":"https://raw.githubusercontent.com/Gr3gorywolf/NeonRom3r/master/Rominfos/N64/Wayne Gretzky's 3D Hockey '98 (U) [!].json","Region":"USA"},{"Name":"Wayne Gretzky's 3D Hockey (U) [!]","Portrait":"https://raw.githubusercontent.com/libretro-thumbnails/Nintendo_-_Nintendo_64/master/Named_Boxarts/Wayne Gretzky's 3D Hockey '98 (Europe) (En,Fr,De,Es).png","InfoLink":"https://raw.githubusercontent.com/Gr3gorywolf/NeonRom3r/master/Rominfos/N64/Wayne Gretzky's 3D Hockey (U) [!].json","Region":"USA"},{"Name":"Wetrix (U) [!]","Portrait":"https://raw.githubusercontent.com/libretro-thumbnails/Nintendo_-_Nintendo_64/master/Named_Boxarts/Wetrix (Europe) (En,Fr,De,Es,It,Nl).png","InfoLink":"https://raw.githubusercontent.com/Gr3gorywolf/NeonRom3r/master/Rominfos/N64/Wetrix (U) [!].json","Region":"USA"},{"Name":"Wheel of Fortune (U) [!]","Portrait":"https://raw.githubusercontent.com/libretro-thumbnails/Nintendo_-_Nintendo_64/master/Named_Boxarts/Wheel of Fortune (USA).png","InfoLink":"https://raw.githubusercontent.com/Gr3gorywolf/NeonRom3r/master/Rominfos/N64/Wheel of Fortune (U) [!].json","Region":"USA"},{"Name":"WinBack - Covert Operations (U) [!]","Portrait":"https://raw.githubusercontent.com/libretro-thumbnails/Nintendo_-_Nintendo_64/master/Named_Boxarts/WinBack - Covert Operations (USA).png","InfoLink":"https://raw.githubusercontent.com/Gr3gorywolf/NeonRom3r/master/Rominfos/N64/WinBack - Covert Operations (U) [!].json","Region":"USA"},{"Name":"Wipeout 64 (U) [!]","Portrait":"https://raw.githubusercontent.com/libretro-thumbnails/Nintendo_-_Nintendo_64/master/Named_Boxarts/Wipeout 64 (Europe).png","InfoLink":"https://raw.githubusercontent.com/Gr3gorywolf/NeonRom3r/master/Rominfos/N64/Wipeout 64 (U) [!].json","Region":"USA"},{"Name":"World Cup 98 (U) [!]","Portrait":"https://raw.githubusercontent.com/libretro-thumbnails/Nintendo_-_Nintendo_64/master/Named_Boxarts/FIFA - Road to World Cup 98 (Europe) (En,Fr,De,Es,It,Nl,Sv).png","InfoLink":"https://raw.githubusercontent.com/Gr3gorywolf/NeonRom3r/master/Rominfos/N64/World Cup 98 (U) [!].json","Region":"USA"},{"Name":"World Driver Championship (U) [!]","Portrait":"https://raw.githubusercontent.com/libretro-thumbnails/Nintendo_-_Nintendo_64/master/Named_Boxarts/World Driver Championship (Europe) (En,Fr,De,Es,It).png","InfoLink":"https://raw.githubusercontent.com/Gr3gorywolf/NeonRom3r/master/Rominfos/N64/World Driver Championship (U) [!].json","Region":"USA"},{"Name":"Worms - Armageddon (U) [!]","Portrait":"https://raw.githubusercontent.com/libretro-thumbnails/Nintendo_-_Nintendo_64/master/Named_Boxarts/Worms Armageddon (Europe) (En,Fr,De,Es,It,Nl).png","InfoLink":"https://raw.githubusercontent.com/Gr3gorywolf/NeonRom3r/master/Rominfos/N64/Worms - Armageddon (U) [!].json","Region":"USA"},{"Name":"Xena Warrior Princess - The Talisman of Fate (U) [!]","Portrait":"https://raw.githubusercontent.com/libretro-thumbnails/Nintendo_-_Nintendo_64/master/Named_Boxarts/Xena - Warrior Princess - The Talisman of Fate (Europe).png","InfoLink":"https://raw.githubusercontent.com/Gr3gorywolf/NeonRom3r/master/Rominfos/N64/Xena Warrior Princess - The Talisman of Fate (U) [!].json","Region":"USA"},{"Name":"Yoshi's Story (U) [!]","Portrait":"https://raw.githubusercontent.com/libretro-thumbnails/Nintendo_-_Nintendo_64/master/Named_Boxarts/Yoshi's Story (Europe) (En,Fr,De).png","InfoLink":"https://raw.githubusercontent.com/Gr3gorywolf/NeonRom3r/master/Rominfos/N64/Yoshi's Story (U) [!].json","Region":"USA"}]